method,seed,step,test_loss,test_acc,in_noise
baseline,0,0,1.3690290451049805,0.3525390625,0
baseline,0,20,1.1013449430465698,0.4638671875,0
baseline,0,40,0.7197524309158325,0.751953125,0
baseline,0,60,0.4326358437538147,0.85888671875,0
baseline,0,80,0.3083253502845764,0.8916015625,0
baseline,0,100,0.26138579845428467,0.90576171875,0
baseline,0,120,0.2361251413822174,0.9111328125,0
baseline,0,140,0.2237815111875534,0.91357421875,0
baseline,0,160,0.2218831181526184,0.91162109375,0
baseline,0,180,0.21863172948360443,0.9111328125,0
baseline,0,200,0.2191421389579773,0.91455078125,0
baseline,0,220,0.21026036143302917,0.91845703125,0
baseline,0,240,0.20754587650299072,0.91796875,0
baseline,0,260,0.21115344762802124,0.9169921875,0
baseline,0,280,0.21629822254180908,0.9091796875,0
baseline,0,300,0.20515233278274536,0.923828125,0
baseline,0,320,0.21210262179374695,0.916015625,0
baseline,0,340,0.20740997791290283,0.91845703125,0
baseline,0,360,0.21580074727535248,0.9169921875,0
baseline,0,380,0.21542476117610931,0.916015625,0
baseline,0,400,0.21177172660827637,0.9189453125,0
baseline,0,420,0.21633432805538177,0.91796875,0
baseline,0,440,0.21097691357135773,0.92138671875,0
baseline,0,460,0.2202044129371643,0.92138671875,0
baseline,0,480,0.2260412573814392,0.91845703125,0
baseline,0,500,0.22778604924678802,0.91259765625,0
baseline,0,520,0.22699366509914398,0.9130859375,0
baseline,0,540,0.22567415237426758,0.9150390625,0
baseline,0,560,0.23273688554763794,0.9140625,0
baseline,0,580,0.23970596492290497,0.9111328125,0
baseline,0,600,0.23519167304039001,0.916015625,0
baseline,0,620,0.22739803791046143,0.9169921875,0
baseline,0,640,0.2367347776889801,0.91357421875,0
baseline,0,660,0.24587230384349823,0.91015625,0
baseline,0,680,0.24113577604293823,0.90966796875,0
baseline,0,700,0.24451807141304016,0.91259765625,0
baseline,0,720,0.24762506783008575,0.91357421875,0
baseline,0,740,0.25617343187332153,0.90478515625,0
baseline,0,760,0.2541089355945587,0.9130859375,0
baseline,0,780,0.25851649045944214,0.90966796875,0
baseline,0,800,0.26598483324050903,0.90478515625,0
baseline,0,820,0.258897602558136,0.90771484375,0
baseline,0,840,0.25551286339759827,0.9150390625,0
baseline,0,860,0.2680395245552063,0.91064453125,0
baseline,0,880,0.27030739188194275,0.9033203125,0
baseline,0,900,0.2734698951244354,0.90576171875,0
baseline,0,920,0.26587212085723877,0.91064453125,0
baseline,0,940,0.271998792886734,0.9091796875,0
baseline,0,960,0.295474112033844,0.9052734375,0
baseline,0,980,0.2809622585773468,0.9072265625,0
baseline,0,1000,0.28207939863204956,0.9140625,0
baseline,0,1020,0.28614166378974915,0.908203125,0
baseline,0,1040,0.2871970534324646,0.91357421875,0
baseline,0,1060,0.2990415692329407,0.908203125,0
baseline,0,1080,0.29392558336257935,0.9091796875,0
baseline,0,1100,0.29663321375846863,0.90625,0
baseline,0,1120,0.29949307441711426,0.9111328125,0
baseline,0,1140,0.30451321601867676,0.91064453125,0
baseline,0,1160,0.30603137612342834,0.91064453125,0
baseline,0,1180,0.3212762475013733,0.90380859375,0
baseline,0,1200,0.3093935251235962,0.90576171875,1
baseline,0,1220,1.0519193410873413,0.6298828125,1
baseline,0,1240,1.2149873971939087,0.5166015625,1
baseline,0,1260,1.161142110824585,0.64013671875,1
baseline,0,1280,1.1054906845092773,0.70947265625,1
baseline,0,1300,1.0521646738052368,0.7470703125,1
baseline,0,1320,1.0087168216705322,0.76025390625,1
baseline,0,1340,0.9847847819328308,0.791015625,1
baseline,0,1360,0.9822791814804077,0.81787109375,1
baseline,0,1380,0.9740148186683655,0.8173828125,1
baseline,0,1400,0.9495837688446045,0.826171875,1
baseline,0,1420,0.9318623542785645,0.8388671875,1
baseline,0,1440,0.9591704607009888,0.822265625,1
baseline,0,1460,0.9277234673500061,0.82080078125,1
baseline,0,1480,0.9483460783958435,0.857421875,1
baseline,0,1500,0.9384306073188782,0.84619140625,1
baseline,0,1520,0.9345683455467224,0.8388671875,1
baseline,0,1540,0.9343624114990234,0.84375,1
baseline,0,1560,0.9248285889625549,0.8447265625,1
baseline,0,1580,0.9039966464042664,0.84619140625,1
baseline,0,1600,0.9282983541488647,0.8525390625,1
baseline,0,1620,0.9091483950614929,0.845703125,1
baseline,0,1640,0.9135528206825256,0.85400390625,1
baseline,0,1660,0.9485661387443542,0.8515625,1
baseline,0,1680,0.9253657460212708,0.875,1
baseline,0,1700,0.9031922817230225,0.86962890625,0
baseline,0,1720,0.5628962516784668,0.826171875,0
baseline,0,1740,0.38696399331092834,0.876953125,0
baseline,0,1760,0.30548420548439026,0.900390625,0
baseline,0,1780,0.2667360305786133,0.90673828125,0
baseline,0,1800,0.24596118927001953,0.90869140625,0
baseline,0,1820,0.2317992001771927,0.90625,0
baseline,0,1840,0.22507357597351074,0.9130859375,0
baseline,0,1860,0.22273200750350952,0.90576171875,0
baseline,0,1880,0.21674694120883942,0.91455078125,0
baseline,0,1900,0.21831712126731873,0.90673828125,0
baseline,0,1920,0.2156456857919693,0.90869140625,0
baseline,0,1940,0.21411548554897308,0.9140625,0
baseline,0,1960,0.21702341735363007,0.9091796875,0
baseline,0,1980,0.21535632014274597,0.916015625,0
baseline,0,2000,0.21808315813541412,0.91015625,0
baseline,0,2020,0.22365203499794006,0.90576171875,0
baseline,0,2040,0.21920672059059143,0.91357421875,0
baseline,0,2060,0.2210005819797516,0.90966796875,0
baseline,0,2080,0.2262103110551834,0.91064453125,0
baseline,0,2100,0.22065074741840363,0.9150390625,0
baseline,0,2120,0.22503185272216797,0.912109375,0
baseline,0,2140,0.22202977538108826,0.9130859375,0
baseline,0,2160,0.22327135503292084,0.91015625,0
baseline,0,2180,0.22834369540214539,0.90869140625,0
baseline,0,2200,0.23020461201667786,0.9091796875,0
baseline,0,2220,0.23213571310043335,0.90869140625,0
baseline,0,2240,0.23641586303710938,0.9072265625,0
baseline,0,2260,0.23874954879283905,0.908203125,0
baseline,0,2280,0.23511356115341187,0.9091796875,0
baseline,0,2300,0.23781444132328033,0.9091796875,0
baseline,0,2320,0.24037732183933258,0.908203125,0
baseline,0,2340,0.2453223317861557,0.91357421875,0
baseline,0,2360,0.2451849728822708,0.91064453125,0
baseline,0,2380,0.24910710752010345,0.90673828125,0
baseline,0,2400,0.2459942251443863,0.908203125,0
baseline,0,2420,0.25030842423439026,0.90869140625,0
baseline,0,2440,0.2572261095046997,0.90966796875,0
baseline,0,2460,0.2543773949146271,0.90869140625,0
baseline,0,2480,0.2616375982761383,0.90234375,0
baseline,0,2500,0.2596542537212372,0.90771484375,0
baseline,0,2520,0.2608724534511566,0.90576171875,0
baseline,0,2540,0.26292312145233154,0.9111328125,0
baseline,0,2560,0.26678213477134705,0.90771484375,0
baseline,0,2580,0.27373647689819336,0.9072265625,0
baseline,0,2600,0.2663778066635132,0.9111328125,0
baseline,0,2620,0.2700076699256897,0.90966796875,0
baseline,0,2640,0.278827965259552,0.90771484375,0
baseline,0,2660,0.2806808650493622,0.9033203125,0
baseline,0,2680,0.2776340842247009,0.90478515625,0
baseline,0,2700,0.2805601954460144,0.90869140625,0
baseline,0,2720,0.28188711404800415,0.912109375,0
baseline,0,2740,0.28285476565361023,0.9091796875,0
baseline,0,2760,0.28779715299606323,0.90185546875,0
baseline,0,2780,0.2948409616947174,0.90478515625,0
baseline,0,2800,0.29034557938575745,0.90771484375,0
baseline,0,2820,0.29110753536224365,0.91162109375,0
baseline,0,2840,0.29446086287498474,0.908203125,0
baseline,0,2860,0.2946683466434479,0.9072265625,0
baseline,0,2880,0.3002222180366516,0.904296875,0
baseline,0,2900,0.30752044916152954,0.90283203125,0
baseline,0,2920,0.30939334630966187,0.9033203125,0
baseline,0,2940,0.30737942457199097,0.90478515625,0
baseline,0,2960,0.30737006664276123,0.90673828125,0
baseline,0,2980,0.3104589283466339,0.90869140625,0
baseline,0,2999,0.3119989335536957,0.90478515625,0
baseline,1,0,1.3701481819152832,0.29931640625,0
baseline,1,20,1.0654141902923584,0.63037109375,0
baseline,1,40,0.657749593257904,0.78759765625,0
baseline,1,60,0.41170811653137207,0.85205078125,0
baseline,1,80,0.3046523928642273,0.890625,0
baseline,1,100,0.2648538053035736,0.892578125,0
baseline,1,120,0.2427959144115448,0.90673828125,0
baseline,1,140,0.22810691595077515,0.9130859375,0
baseline,1,160,0.22347702085971832,0.9140625,0
baseline,1,180,0.22902587056159973,0.90771484375,0
baseline,1,200,0.22214867174625397,0.908203125,0
baseline,1,220,0.2159077376127243,0.921875,0
baseline,1,240,0.2195471227169037,0.91162109375,0
baseline,1,260,0.2189570963382721,0.91650390625,0
baseline,1,280,0.2145998626947403,0.919921875,0
baseline,1,300,0.2144497185945511,0.919921875,0
baseline,1,320,0.22093060612678528,0.91650390625,0
baseline,1,340,0.22185394167900085,0.91748046875,0
baseline,1,360,0.22034591436386108,0.9169921875,0
baseline,1,380,0.22113145887851715,0.9189453125,0
baseline,1,400,0.22811239957809448,0.92236328125,0
baseline,1,420,0.22288654744625092,0.916015625,0
baseline,1,440,0.22455459833145142,0.91650390625,0
baseline,1,460,0.22664451599121094,0.91455078125,0
baseline,1,480,0.23016373813152313,0.91552734375,0
baseline,1,500,0.23213492333889008,0.91552734375,0
baseline,1,520,0.23230718076229095,0.91552734375,0
baseline,1,540,0.23944391310214996,0.91455078125,0
baseline,1,560,0.2399597465991974,0.91455078125,0
baseline,1,580,0.23964005708694458,0.91748046875,0
baseline,1,600,0.24943143129348755,0.91162109375,0
baseline,1,620,0.25800925493240356,0.912109375,0
baseline,1,640,0.2522018253803253,0.9091796875,0
baseline,1,660,0.2533433735370636,0.91064453125,0
baseline,1,680,0.25346213579177856,0.91259765625,0
baseline,1,700,0.2549659013748169,0.9140625,0
baseline,1,720,0.2582608461380005,0.90869140625,0
baseline,1,740,0.27231624722480774,0.912109375,0
baseline,1,760,0.2730267643928528,0.912109375,0
baseline,1,780,0.27052006125450134,0.9130859375,0
baseline,1,800,0.27195024490356445,0.91357421875,0
baseline,1,820,0.2708214223384857,0.91455078125,0
baseline,1,840,0.2740926146507263,0.9111328125,0
baseline,1,860,0.2872564196586609,0.91357421875,0
baseline,1,880,0.2828986942768097,0.91064453125,0
baseline,1,900,0.28066354990005493,0.91552734375,0
baseline,1,920,0.29090744256973267,0.91552734375,0
baseline,1,940,0.2928660213947296,0.91259765625,0
baseline,1,960,0.30036354064941406,0.91162109375,0
baseline,1,980,0.2912676930427551,0.91015625,0
baseline,1,1000,0.2934200167655945,0.9140625,0
baseline,1,1020,0.3122277855873108,0.91162109375,0
baseline,1,1040,0.3047754764556885,0.91064453125,0
baseline,1,1060,0.31379878520965576,0.91259765625,0
baseline,1,1080,0.31757375597953796,0.9130859375,0
baseline,1,1100,0.3229019045829773,0.91259765625,0
baseline,1,1120,0.32878929376602173,0.9111328125,0
baseline,1,1140,0.3367190957069397,0.9111328125,0
baseline,1,1160,0.3317687511444092,0.91552734375,0
baseline,1,1180,0.3385460078716278,0.91162109375,0
baseline,1,1200,0.3333926200866699,0.908203125,1
baseline,1,1220,1.032511830329895,0.62939453125,1
baseline,1,1240,1.2637404203414917,0.58935546875,1
baseline,1,1260,1.197780966758728,0.65966796875,1
baseline,1,1280,1.122972011566162,0.74755859375,1
baseline,1,1300,1.0267361402511597,0.76123046875,1
baseline,1,1320,1.0162662267684937,0.81201171875,1
baseline,1,1340,1.0057711601257324,0.81298828125,1
baseline,1,1360,0.9637951254844666,0.80029296875,1
baseline,1,1380,0.9799231886863708,0.84326171875,1
baseline,1,1400,0.9581137895584106,0.8232421875,1
baseline,1,1420,0.9643152356147766,0.83935546875,1
baseline,1,1440,0.9540225863456726,0.830078125,1
baseline,1,1460,0.9444031119346619,0.84814453125,1
baseline,1,1480,0.9414153695106506,0.84619140625,1
baseline,1,1500,0.9247244596481323,0.84423828125,1
baseline,1,1520,0.9570238590240479,0.85986328125,1
baseline,1,1540,0.9578672647476196,0.85595703125,1
baseline,1,1560,0.9410548806190491,0.8564453125,1
baseline,1,1580,0.9333133697509766,0.84912109375,1
baseline,1,1600,0.9263741970062256,0.86328125,1
baseline,1,1620,0.9229652285575867,0.86572265625,1
baseline,1,1640,0.9220031499862671,0.86181640625,1
baseline,1,1660,0.9253672361373901,0.869140625,1
baseline,1,1680,0.9203436374664307,0.86767578125,1
baseline,1,1700,0.9262112379074097,0.8740234375,0
baseline,1,1720,0.5848168730735779,0.84521484375,0
baseline,1,1740,0.3755336105823517,0.89306640625,0
baseline,1,1760,0.2899428606033325,0.90478515625,0
baseline,1,1780,0.2530892491340637,0.9091796875,0
baseline,1,1800,0.23529329895973206,0.9130859375,0
baseline,1,1820,0.22466295957565308,0.91796875,0
baseline,1,1840,0.22147583961486816,0.90966796875,0
baseline,1,1860,0.2148912101984024,0.91796875,0
baseline,1,1880,0.21241749823093414,0.91357421875,0
baseline,1,1900,0.21128809452056885,0.916015625,0
baseline,1,1920,0.21411094069480896,0.91943359375,0
baseline,1,1940,0.21182937920093536,0.9208984375,0
baseline,1,1960,0.20802631974220276,0.9169921875,0
baseline,1,1980,0.21137766540050507,0.91796875,0
baseline,1,2000,0.21307405829429626,0.91650390625,0
baseline,1,2020,0.2127714306116104,0.91552734375,0
baseline,1,2040,0.21218472719192505,0.91845703125,0
baseline,1,2060,0.2189590185880661,0.92041015625,0
baseline,1,2080,0.22025632858276367,0.91845703125,0
baseline,1,2100,0.22369803488254547,0.9150390625,0
baseline,1,2120,0.2199341207742691,0.9208984375,0
baseline,1,2140,0.22558295726776123,0.91455078125,0
baseline,1,2160,0.2248791754245758,0.91943359375,0
baseline,1,2180,0.2253226339817047,0.91796875,0
baseline,1,2200,0.22925984859466553,0.91796875,0
baseline,1,2220,0.2311205267906189,0.9150390625,0
baseline,1,2240,0.23672375082969666,0.91455078125,0
baseline,1,2260,0.2413065880537033,0.91357421875,0
baseline,1,2280,0.23921217024326324,0.91650390625,0
baseline,1,2300,0.24088633060455322,0.91455078125,0
baseline,1,2320,0.2432452142238617,0.91455078125,0
baseline,1,2340,0.2465989589691162,0.916015625,0
baseline,1,2360,0.2475581169128418,0.91357421875,0
baseline,1,2380,0.24911044538021088,0.91845703125,0
baseline,1,2400,0.256877601146698,0.91650390625,0
baseline,1,2420,0.2599470317363739,0.9169921875,0
baseline,1,2440,0.26029807329177856,0.91552734375,0
baseline,1,2460,0.25914591550827026,0.916015625,0
baseline,1,2480,0.2566583752632141,0.91748046875,0
baseline,1,2500,0.2680549919605255,0.9150390625,0
baseline,1,2520,0.26720431447029114,0.9150390625,0
baseline,1,2540,0.26914867758750916,0.9130859375,0
baseline,1,2560,0.276600182056427,0.91650390625,0
baseline,1,2580,0.2766795754432678,0.91650390625,0
baseline,1,2600,0.2698860764503479,0.916015625,0
baseline,1,2620,0.273176372051239,0.91650390625,0
baseline,1,2640,0.2758556008338928,0.91650390625,0
baseline,1,2660,0.2793121635913849,0.916015625,0
baseline,1,2680,0.2858321964740753,0.9150390625,0
baseline,1,2700,0.28641727566719055,0.9150390625,0
baseline,1,2720,0.295661062002182,0.91357421875,0
baseline,1,2740,0.28655603528022766,0.9169921875,0
baseline,1,2760,0.2922557592391968,0.91455078125,0
baseline,1,2780,0.2994535267353058,0.91455078125,0
baseline,1,2800,0.30158665776252747,0.9140625,0
baseline,1,2820,0.2977807819843292,0.91552734375,0
baseline,1,2840,0.30336952209472656,0.916015625,0
baseline,1,2860,0.3076450228691101,0.916015625,0
baseline,1,2880,0.30622971057891846,0.91650390625,0
baseline,1,2900,0.3062063753604889,0.912109375,0
baseline,1,2920,0.30508968234062195,0.9140625,0
baseline,1,2940,0.3164176046848297,0.912109375,0
baseline,1,2960,0.31292641162872314,0.91015625,0
baseline,1,2980,0.31841352581977844,0.916015625,0
baseline,1,2999,0.3203619718551636,0.9150390625,0
baseline,2,0,1.3329399824142456,0.4052734375,0
baseline,2,20,0.9608621001243591,0.6103515625,0
baseline,2,40,0.5843736529350281,0.83349609375,0
baseline,2,60,0.37166720628738403,0.875,0
baseline,2,80,0.3035675883293152,0.88671875,0
baseline,2,100,0.27465930581092834,0.89306640625,0
baseline,2,120,0.26427844166755676,0.89111328125,0
baseline,2,140,0.25105562806129456,0.89892578125,0
baseline,2,160,0.25214678049087524,0.896484375,0
baseline,2,180,0.2424122542142868,0.90478515625,0
baseline,2,200,0.22616969048976898,0.91259765625,0
baseline,2,220,0.22213532030582428,0.91455078125,0
baseline,2,240,0.2276417762041092,0.9052734375,0
baseline,2,260,0.2225247621536255,0.90869140625,0
baseline,2,280,0.2164987325668335,0.91357421875,0
baseline,2,300,0.21329015493392944,0.91357421875,0
baseline,2,320,0.2165990173816681,0.912109375,0
baseline,2,340,0.22210396826267242,0.90869140625,0
baseline,2,360,0.22171106934547424,0.91064453125,0
baseline,2,380,0.22139614820480347,0.91552734375,0
baseline,2,400,0.21528826653957367,0.9140625,0
baseline,2,420,0.22090023756027222,0.919921875,0
baseline,2,440,0.22856585681438446,0.91064453125,0
baseline,2,460,0.22530105710029602,0.90771484375,0
baseline,2,480,0.22939828038215637,0.91259765625,0
baseline,2,500,0.23113521933555603,0.91064453125,0
baseline,2,520,0.22897008061408997,0.9130859375,0
baseline,2,540,0.23615187406539917,0.91259765625,0
baseline,2,560,0.23286814987659454,0.91259765625,0
baseline,2,580,0.2423400580883026,0.912109375,0
baseline,2,600,0.25291258096694946,0.90966796875,0
baseline,2,620,0.24651144444942474,0.9130859375,0
baseline,2,640,0.24527607858181,0.91162109375,0
baseline,2,660,0.24534036219120026,0.91455078125,0
baseline,2,680,0.25112074613571167,0.91357421875,0
baseline,2,700,0.26251837611198425,0.9052734375,0
baseline,2,720,0.251742959022522,0.912109375,0
baseline,2,740,0.2547914981842041,0.9150390625,0
baseline,2,760,0.2705664038658142,0.908203125,0
baseline,2,780,0.269623726606369,0.9130859375,0
baseline,2,800,0.2765897810459137,0.9130859375,0
baseline,2,820,0.2792765498161316,0.91015625,0
baseline,2,840,0.28050991892814636,0.9091796875,0
baseline,2,860,0.28787681460380554,0.91357421875,0
baseline,2,880,0.28621283173561096,0.9150390625,0
baseline,2,900,0.2925257086753845,0.91259765625,0
baseline,2,920,0.30078601837158203,0.91015625,0
baseline,2,940,0.3066829442977905,0.91162109375,0
baseline,2,960,0.2966954708099365,0.91455078125,0
baseline,2,980,0.31581175327301025,0.90771484375,0
baseline,2,1000,0.31884288787841797,0.90771484375,0
baseline,2,1020,0.3110334575176239,0.9111328125,0
baseline,2,1040,0.3158954381942749,0.91259765625,0
baseline,2,1060,0.3203516900539398,0.912109375,0
baseline,2,1080,0.32419294118881226,0.912109375,0
baseline,2,1100,0.32716405391693115,0.9111328125,0
baseline,2,1120,0.3381827473640442,0.90966796875,0
baseline,2,1140,0.33982399106025696,0.9072265625,0
baseline,2,1160,0.33364930748939514,0.9130859375,0
baseline,2,1180,0.34512007236480713,0.90966796875,0
baseline,2,1200,0.34561994671821594,0.9091796875,1
baseline,2,1220,0.9998481273651123,0.646484375,1
baseline,2,1240,1.2389569282531738,0.58056640625,1
baseline,2,1260,1.1312832832336426,0.6787109375,1
baseline,2,1280,1.1103929281234741,0.7265625,1
baseline,2,1300,1.0400440692901611,0.7548828125,1
baseline,2,1320,1.0003139972686768,0.802734375,1
baseline,2,1340,0.9550700187683105,0.8251953125,1
baseline,2,1360,0.9655148386955261,0.84033203125,1
baseline,2,1380,0.9497488141059875,0.85302734375,1
baseline,2,1400,0.9605262279510498,0.84765625,1
baseline,2,1420,0.9378104209899902,0.8427734375,1
baseline,2,1440,0.9384395480155945,0.86279296875,1
baseline,2,1460,0.9434483051300049,0.865234375,1
baseline,2,1480,0.9329771995544434,0.86572265625,1
baseline,2,1500,0.9256985187530518,0.85693359375,1
baseline,2,1520,0.9191358685493469,0.86865234375,1
baseline,2,1540,0.9302664399147034,0.86328125,1
baseline,2,1560,0.914604127407074,0.8603515625,1
baseline,2,1580,0.9198887348175049,0.8623046875,1
baseline,2,1600,0.9151219725608826,0.86572265625,1
baseline,2,1620,0.9137178063392639,0.8623046875,1
baseline,2,1640,0.9056582450866699,0.87353515625,1
baseline,2,1660,0.922429084777832,0.86572265625,1
baseline,2,1680,0.9225114583969116,0.87646484375,1
baseline,2,1700,0.8914169073104858,0.8681640625,0
baseline,2,1720,0.5388339757919312,0.86962890625,0
baseline,2,1740,0.3769858479499817,0.88818359375,0
baseline,2,1760,0.3124050199985504,0.89794921875,0
baseline,2,1780,0.28564679622650146,0.89599609375,0
baseline,2,1800,0.26679491996765137,0.90185546875,0
baseline,2,1820,0.25293663144111633,0.90478515625,0
baseline,2,1840,0.24624785780906677,0.90283203125,0
baseline,2,1860,0.23947858810424805,0.91162109375,0
baseline,2,1880,0.23388925194740295,0.91162109375,0
baseline,2,1900,0.23276950418949127,0.9111328125,0
baseline,2,1920,0.2322773039340973,0.90771484375,0
baseline,2,1940,0.22667112946510315,0.9150390625,0
baseline,2,1960,0.22263352572917938,0.91650390625,0
baseline,2,1980,0.22469942271709442,0.916015625,0
baseline,2,2000,0.22188104689121246,0.91796875,0
baseline,2,2020,0.22113890945911407,0.91455078125,0
baseline,2,2040,0.2191242128610611,0.916015625,0
baseline,2,2060,0.22483299672603607,0.9169921875,0
baseline,2,2080,0.2292546033859253,0.9150390625,0
baseline,2,2100,0.22345347702503204,0.9150390625,0
baseline,2,2120,0.22932249307632446,0.9169921875,0
baseline,2,2140,0.22628936171531677,0.91162109375,0
baseline,2,2160,0.22884522378444672,0.916015625,0
baseline,2,2180,0.2340548038482666,0.9150390625,0
baseline,2,2200,0.22838462889194489,0.91455078125,0
baseline,2,2220,0.23363672196865082,0.91552734375,0
baseline,2,2240,0.23403626680374146,0.912109375,0
baseline,2,2260,0.2369125932455063,0.91259765625,0
baseline,2,2280,0.24349460005760193,0.91162109375,0
baseline,2,2300,0.24319781363010406,0.91357421875,0
baseline,2,2320,0.24364449083805084,0.91650390625,0
baseline,2,2340,0.2508932054042816,0.9111328125,0
baseline,2,2360,0.25180238485336304,0.91552734375,0
baseline,2,2380,0.24974116683006287,0.912109375,0
baseline,2,2400,0.251054048538208,0.9130859375,0
baseline,2,2420,0.25654345750808716,0.91015625,0
baseline,2,2440,0.25491905212402344,0.9130859375,0
baseline,2,2460,0.2609727680683136,0.90869140625,0
baseline,2,2480,0.26381754875183105,0.91015625,0
baseline,2,2500,0.26483362913131714,0.9150390625,0
baseline,2,2520,0.2746531367301941,0.91162109375,0
baseline,2,2540,0.2733539640903473,0.91259765625,0
baseline,2,2560,0.27176567912101746,0.91259765625,0
baseline,2,2580,0.2723732590675354,0.91064453125,0
baseline,2,2600,0.26923874020576477,0.9140625,0
baseline,2,2620,0.2775687575340271,0.9140625,0
baseline,2,2640,0.2765536308288574,0.91015625,0
baseline,2,2660,0.28280460834503174,0.91455078125,0
baseline,2,2680,0.28262677788734436,0.9208984375,0
baseline,2,2700,0.28308477997779846,0.9150390625,0
baseline,2,2720,0.2941426932811737,0.9091796875,0
baseline,2,2740,0.2940118908882141,0.91259765625,0
baseline,2,2760,0.29373055696487427,0.9140625,0
baseline,2,2780,0.2942911684513092,0.916015625,0
baseline,2,2800,0.2993045449256897,0.9169921875,0
baseline,2,2820,0.3018542528152466,0.9130859375,0
baseline,2,2840,0.30403193831443787,0.91357421875,0
baseline,2,2860,0.3095923662185669,0.912109375,0
baseline,2,2880,0.3142485022544861,0.91357421875,0
baseline,2,2900,0.30819928646087646,0.91455078125,0
baseline,2,2920,0.31731998920440674,0.91259765625,0
baseline,2,2940,0.3073171377182007,0.91650390625,0
baseline,2,2960,0.31366220116615295,0.916015625,0
baseline,2,2980,0.31967034935951233,0.9130859375,0
baseline,2,2999,0.3208596110343933,0.9140625,0
rcod-default,0,0,1.3690290451049805,0.3525390625,0
rcod-default,0,20,1.1013449430465698,0.4638671875,0
rcod-default,0,40,0.7197524309158325,0.751953125,0
rcod-default,0,60,0.4326358437538147,0.85888671875,0
rcod-default,0,80,0.3083253502845764,0.8916015625,0
rcod-default,0,100,0.26138579845428467,0.90576171875,0
rcod-default,0,120,0.2361251413822174,0.9111328125,0
rcod-default,0,140,0.2237815111875534,0.91357421875,0
rcod-default,0,160,0.2218831181526184,0.91162109375,0
rcod-default,0,180,0.21863172948360443,0.9111328125,0
rcod-default,0,200,0.2191421389579773,0.91455078125,0
rcod-default,0,220,0.21026036143302917,0.91845703125,0
rcod-default,0,240,0.20754587650299072,0.91796875,0
rcod-default,0,260,0.21115344762802124,0.9169921875,0
rcod-default,0,280,0.21629822254180908,0.9091796875,0
rcod-default,0,300,0.20515233278274536,0.923828125,0
rcod-default,0,320,0.21210262179374695,0.916015625,0
rcod-default,0,340,0.20740997791290283,0.91845703125,0
rcod-default,0,360,0.21580074727535248,0.9169921875,0
rcod-default,0,380,0.21542476117610931,0.916015625,0
rcod-default,0,400,0.21177172660827637,0.9189453125,0
rcod-default,0,420,0.21633432805538177,0.91796875,0
rcod-default,0,440,0.21097691357135773,0.92138671875,0
rcod-default,0,460,0.2202044129371643,0.92138671875,0
rcod-default,0,480,0.2260412573814392,0.91845703125,0
rcod-default,0,500,0.22778604924678802,0.91259765625,0
rcod-default,0,520,0.22699366509914398,0.9130859375,0
rcod-default,0,540,0.22567415237426758,0.9150390625,0
rcod-default,0,560,0.23273688554763794,0.9140625,0
rcod-default,0,580,0.23970596492290497,0.9111328125,0
rcod-default,0,600,0.23519167304039001,0.916015625,0
rcod-default,0,620,0.22739803791046143,0.9169921875,0
rcod-default,0,640,0.2367347776889801,0.91357421875,0
rcod-default,0,660,0.24587230384349823,0.91015625,0
rcod-default,0,680,0.24113577604293823,0.90966796875,0
rcod-default,0,700,0.24451807141304016,0.91259765625,0
rcod-default,0,720,0.24762506783008575,0.91357421875,0
rcod-default,0,740,0.25617343187332153,0.90478515625,0
rcod-default,0,760,0.2541089355945587,0.9130859375,0
rcod-default,0,780,0.25851649045944214,0.90966796875,0
rcod-default,0,800,0.26598483324050903,0.90478515625,0
rcod-default,0,820,0.258897602558136,0.90771484375,0
rcod-default,0,840,0.25551286339759827,0.9150390625,0
rcod-default,0,860,0.2680395245552063,0.91064453125,0
rcod-default,0,880,0.27030739188194275,0.9033203125,0
rcod-default,0,900,0.2734698951244354,0.90576171875,0
rcod-default,0,920,0.26587212085723877,0.91064453125,0
rcod-default,0,940,0.271998792886734,0.9091796875,0
rcod-default,0,960,0.295474112033844,0.9052734375,0
rcod-default,0,980,0.2809622585773468,0.9072265625,0
rcod-default,0,1000,0.28207939863204956,0.9140625,0
rcod-default,0,1020,0.28614166378974915,0.908203125,0
rcod-default,0,1040,0.2871970534324646,0.91357421875,0
rcod-default,0,1060,0.2990415692329407,0.908203125,0
rcod-default,0,1080,0.29392558336257935,0.9091796875,0
rcod-default,0,1100,0.29663321375846863,0.90625,0
rcod-default,0,1120,0.29949307441711426,0.9111328125,0
rcod-default,0,1140,0.30451321601867676,0.91064453125,0
rcod-default,0,1160,0.30603137612342834,0.91064453125,0
rcod-default,0,1180,0.3212762475013733,0.90380859375,0
rcod-default,0,1200,0.3093935251235962,0.90576171875,1
rcod-default,0,1220,1.0519193410873413,0.6298828125,1
rcod-default,0,1240,1.2149873971939087,0.5166015625,1
rcod-default,0,1260,1.161142110824585,0.64013671875,1
rcod-default,0,1280,1.1054906845092773,0.70947265625,1
rcod-default,0,1300,1.0521646738052368,0.7470703125,1
rcod-default,0,1320,1.0087168216705322,0.76025390625,1
rcod-default,0,1340,0.9847847819328308,0.791015625,1
rcod-default,0,1360,0.9822791814804077,0.81787109375,1
rcod-default,0,1380,0.9740148186683655,0.8173828125,1
rcod-default,0,1400,0.9495837688446045,0.826171875,1
rcod-default,0,1420,0.9318623542785645,0.8388671875,1
rcod-default,0,1440,0.9591704607009888,0.822265625,1
rcod-default,0,1460,0.9277234673500061,0.82080078125,1
rcod-default,0,1480,0.9483460783958435,0.857421875,1
rcod-default,0,1500,0.9384306073188782,0.84619140625,1
rcod-default,0,1520,0.9345683455467224,0.8388671875,1
rcod-default,0,1540,0.9343624114990234,0.84375,1
rcod-default,0,1560,0.9248285889625549,0.8447265625,1
rcod-default,0,1580,0.9039966464042664,0.84619140625,1
rcod-default,0,1600,0.9282983541488647,0.8525390625,1
rcod-default,0,1620,0.9091483950614929,0.845703125,1
rcod-default,0,1640,0.9135528206825256,0.85400390625,1
rcod-default,0,1660,0.9485661387443542,0.8515625,1
rcod-default,0,1680,0.9253657460212708,0.875,1
rcod-default,0,1700,0.9031922817230225,0.86962890625,0
rcod-default,0,1720,0.5628962516784668,0.826171875,0
rcod-default,0,1740,0.38696399331092834,0.876953125,0
rcod-default,0,1760,0.30548420548439026,0.900390625,0
rcod-default,0,1780,0.2667360305786133,0.90673828125,0
rcod-default,0,1800,0.24596118927001953,0.90869140625,0
rcod-default,0,1820,0.2317992001771927,0.90625,0
rcod-default,0,1840,0.22507357597351074,0.9130859375,0
rcod-default,0,1860,0.22273200750350952,0.90576171875,0
rcod-default,0,1880,0.21674694120883942,0.91455078125,0
rcod-default,0,1900,0.21831712126731873,0.90673828125,0
rcod-default,0,1920,0.2156456857919693,0.90869140625,0
rcod-default,0,1940,0.21411548554897308,0.9140625,0
rcod-default,0,1960,0.21702341735363007,0.9091796875,0
rcod-default,0,1980,0.21535632014274597,0.916015625,0
rcod-default,0,2000,0.21808315813541412,0.91015625,0
rcod-default,0,2020,0.22365203499794006,0.90576171875,0
rcod-default,0,2040,0.21920672059059143,0.91357421875,0
rcod-default,0,2060,0.2210005819797516,0.90966796875,0
rcod-default,0,2080,0.2262103110551834,0.91064453125,0
rcod-default,0,2100,0.22065074741840363,0.9150390625,0
rcod-default,0,2120,0.22503185272216797,0.912109375,0
rcod-default,0,2140,0.22202977538108826,0.9130859375,0
rcod-default,0,2160,0.22327135503292084,0.91015625,0
rcod-default,0,2180,0.22834369540214539,0.90869140625,0
rcod-default,0,2200,0.23020461201667786,0.9091796875,0
rcod-default,0,2220,0.23213571310043335,0.90869140625,0
rcod-default,0,2240,0.23641586303710938,0.9072265625,0
rcod-default,0,2260,0.23874954879283905,0.908203125,0
rcod-default,0,2280,0.23511356115341187,0.9091796875,0
rcod-default,0,2300,0.23781444132328033,0.9091796875,0
rcod-default,0,2320,0.24037732183933258,0.908203125,0
rcod-default,0,2340,0.2453223317861557,0.91357421875,0
rcod-default,0,2360,0.2451849728822708,0.91064453125,0
rcod-default,0,2380,0.24910710752010345,0.90673828125,0
rcod-default,0,2400,0.2459942251443863,0.908203125,0
rcod-default,0,2420,0.25030842423439026,0.90869140625,0
rcod-default,0,2440,0.2572261095046997,0.90966796875,0
rcod-default,0,2460,0.2543773949146271,0.90869140625,0
rcod-default,0,2480,0.2616375982761383,0.90234375,0
rcod-default,0,2500,0.2596542537212372,0.90771484375,0
rcod-default,0,2520,0.2608724534511566,0.90576171875,0
rcod-default,0,2540,0.26292312145233154,0.9111328125,0
rcod-default,0,2560,0.26678213477134705,0.90771484375,0
rcod-default,0,2580,0.27373647689819336,0.9072265625,0
rcod-default,0,2600,0.2663778066635132,0.9111328125,0
rcod-default,0,2620,0.2700076699256897,0.90966796875,0
rcod-default,0,2640,0.278827965259552,0.90771484375,0
rcod-default,0,2660,0.2806808650493622,0.9033203125,0
rcod-default,0,2680,0.2776340842247009,0.90478515625,0
rcod-default,0,2700,0.2805601954460144,0.90869140625,0
rcod-default,0,2720,0.28188711404800415,0.912109375,0
rcod-default,0,2740,0.28285476565361023,0.9091796875,0
rcod-default,0,2760,0.28779715299606323,0.90185546875,0
rcod-default,0,2780,0.2948409616947174,0.90478515625,0
rcod-default,0,2800,0.29034557938575745,0.90771484375,0
rcod-default,0,2820,0.29110753536224365,0.91162109375,0
rcod-default,0,2840,0.29446086287498474,0.908203125,0
rcod-default,0,2860,0.2946683466434479,0.9072265625,0
rcod-default,0,2880,0.3002222180366516,0.904296875,0
rcod-default,0,2900,0.30752044916152954,0.90283203125,0
rcod-default,0,2920,0.30939334630966187,0.9033203125,0
rcod-default,0,2940,0.30737942457199097,0.90478515625,0
rcod-default,0,2960,0.30737006664276123,0.90673828125,0
rcod-default,0,2980,0.3104589283466339,0.90869140625,0
rcod-default,0,2999,0.3119989335536957,0.90478515625,0
rcod-default,1,0,1.3701481819152832,0.29931640625,0
rcod-default,1,20,1.0654141902923584,0.63037109375,0
rcod-default,1,40,0.657749593257904,0.78759765625,0
rcod-default,1,60,0.41170811653137207,0.85205078125,0
rcod-default,1,80,0.3046523928642273,0.890625,0
rcod-default,1,100,0.2648538053035736,0.892578125,0
rcod-default,1,120,0.2427959144115448,0.90673828125,0
rcod-default,1,140,0.22810691595077515,0.9130859375,0
rcod-default,1,160,0.22347702085971832,0.9140625,0
rcod-default,1,180,0.22902587056159973,0.90771484375,0
rcod-default,1,200,0.22214867174625397,0.908203125,0
rcod-default,1,220,0.2159077376127243,0.921875,0
rcod-default,1,240,0.2195471227169037,0.91162109375,0
rcod-default,1,260,0.2189570963382721,0.91650390625,0
rcod-default,1,280,0.2145998626947403,0.919921875,0
rcod-default,1,300,0.2144497185945511,0.919921875,0
rcod-default,1,320,0.22093060612678528,0.91650390625,0
rcod-default,1,340,0.22185394167900085,0.91748046875,0
rcod-default,1,360,0.22034591436386108,0.9169921875,0
rcod-default,1,380,0.22113145887851715,0.9189453125,0
rcod-default,1,400,0.22811239957809448,0.92236328125,0
rcod-default,1,420,0.22288654744625092,0.916015625,0
rcod-default,1,440,0.22455459833145142,0.91650390625,0
rcod-default,1,460,0.22664451599121094,0.91455078125,0
rcod-default,1,480,0.23016373813152313,0.91552734375,0
rcod-default,1,500,0.23213492333889008,0.91552734375,0
rcod-default,1,520,0.23230718076229095,0.91552734375,0
rcod-default,1,540,0.23944391310214996,0.91455078125,0
rcod-default,1,560,0.2399597465991974,0.91455078125,0
rcod-default,1,580,0.23964005708694458,0.91748046875,0
rcod-default,1,600,0.24943143129348755,0.91162109375,0
rcod-default,1,620,0.25800925493240356,0.912109375,0
rcod-default,1,640,0.2522018253803253,0.9091796875,0
rcod-default,1,660,0.2533433735370636,0.91064453125,0
rcod-default,1,680,0.25346213579177856,0.91259765625,0
rcod-default,1,700,0.2549659013748169,0.9140625,0
rcod-default,1,720,0.2582608461380005,0.90869140625,0
rcod-default,1,740,0.27231624722480774,0.912109375,0
rcod-default,1,760,0.2730267643928528,0.912109375,0
rcod-default,1,780,0.27052006125450134,0.9130859375,0
rcod-default,1,800,0.27195024490356445,0.91357421875,0
rcod-default,1,820,0.2708214223384857,0.91455078125,0
rcod-default,1,840,0.2740926146507263,0.9111328125,0
rcod-default,1,860,0.2872564196586609,0.91357421875,0
rcod-default,1,880,0.2828986942768097,0.91064453125,0
rcod-default,1,900,0.28066354990005493,0.91552734375,0
rcod-default,1,920,0.29090744256973267,0.91552734375,0
rcod-default,1,940,0.2928660213947296,0.91259765625,0
rcod-default,1,960,0.30036354064941406,0.91162109375,0
rcod-default,1,980,0.2912676930427551,0.91015625,0
rcod-default,1,1000,0.2934200167655945,0.9140625,0
rcod-default,1,1020,0.3122277855873108,0.91162109375,0
rcod-default,1,1040,0.3047754764556885,0.91064453125,0
rcod-default,1,1060,0.31379878520965576,0.91259765625,0
rcod-default,1,1080,0.31757375597953796,0.9130859375,0
rcod-default,1,1100,0.3229019045829773,0.91259765625,0
rcod-default,1,1120,0.32878929376602173,0.9111328125,0
rcod-default,1,1140,0.3367190957069397,0.9111328125,0
rcod-default,1,1160,0.3317687511444092,0.91552734375,0
rcod-default,1,1180,0.3385460078716278,0.91162109375,0
rcod-default,1,1200,0.3333926200866699,0.908203125,1
rcod-default,1,1220,1.032511830329895,0.62939453125,1
rcod-default,1,1240,1.2637404203414917,0.58935546875,1
rcod-default,1,1260,1.197780966758728,0.65966796875,1
rcod-default,1,1280,1.122972011566162,0.74755859375,1
rcod-default,1,1300,1.0267361402511597,0.76123046875,1
rcod-default,1,1320,1.0162662267684937,0.81201171875,1
rcod-default,1,1340,1.0057711601257324,0.81298828125,1
rcod-default,1,1360,0.9637951254844666,0.80029296875,1
rcod-default,1,1380,0.9799231886863708,0.84326171875,1
rcod-default,1,1400,0.9581137895584106,0.8232421875,1
rcod-default,1,1420,0.9643152356147766,0.83935546875,1
rcod-default,1,1440,0.9540225863456726,0.830078125,1
rcod-default,1,1460,0.9444031119346619,0.84814453125,1
rcod-default,1,1480,0.9414153695106506,0.84619140625,1
rcod-default,1,1500,0.9247244596481323,0.84423828125,1
rcod-default,1,1520,0.9570238590240479,0.85986328125,1
rcod-default,1,1540,0.9578672647476196,0.85595703125,1
rcod-default,1,1560,0.9410548806190491,0.8564453125,1
rcod-default,1,1580,0.9333133697509766,0.84912109375,1
rcod-default,1,1600,0.9263741970062256,0.86328125,1
rcod-default,1,1620,0.9229652285575867,0.86572265625,1
rcod-default,1,1640,0.9220031499862671,0.86181640625,1
rcod-default,1,1660,0.9253672361373901,0.869140625,1
rcod-default,1,1680,0.9203436374664307,0.86767578125,1
rcod-default,1,1700,0.9262112379074097,0.8740234375,0
rcod-default,1,1720,0.5848168730735779,0.84521484375,0
rcod-default,1,1740,0.3755336105823517,0.89306640625,0
rcod-default,1,1760,0.2899428606033325,0.90478515625,0
rcod-default,1,1780,0.2530892491340637,0.9091796875,0
rcod-default,1,1800,0.23529329895973206,0.9130859375,0
rcod-default,1,1820,0.22466295957565308,0.91796875,0
rcod-default,1,1840,0.22147583961486816,0.90966796875,0
rcod-default,1,1860,0.2148912101984024,0.91796875,0
rcod-default,1,1880,0.21241749823093414,0.91357421875,0
rcod-default,1,1900,0.21128809452056885,0.916015625,0
rcod-default,1,1920,0.21411094069480896,0.91943359375,0
rcod-default,1,1940,0.21182937920093536,0.9208984375,0
rcod-default,1,1960,0.20802631974220276,0.9169921875,0
rcod-default,1,1980,0.21137766540050507,0.91796875,0
rcod-default,1,2000,0.21307405829429626,0.91650390625,0
rcod-default,1,2020,0.2127714306116104,0.91552734375,0
rcod-default,1,2040,0.21218472719192505,0.91845703125,0
rcod-default,1,2060,0.2189590185880661,0.92041015625,0
rcod-default,1,2080,0.22025632858276367,0.91845703125,0
rcod-default,1,2100,0.22369803488254547,0.9150390625,0
rcod-default,1,2120,0.2199341207742691,0.9208984375,0
rcod-default,1,2140,0.22558295726776123,0.91455078125,0
rcod-default,1,2160,0.2248791754245758,0.91943359375,0
rcod-default,1,2180,0.2253226339817047,0.91796875,0
rcod-default,1,2200,0.22925984859466553,0.91796875,0
rcod-default,1,2220,0.2311205267906189,0.9150390625,0
rcod-default,1,2240,0.23672375082969666,0.91455078125,0
rcod-default,1,2260,0.2413065880537033,0.91357421875,0
rcod-default,1,2280,0.23921217024326324,0.91650390625,0
rcod-default,1,2300,0.24088633060455322,0.91455078125,0
rcod-default,1,2320,0.2432452142238617,0.91455078125,0
rcod-default,1,2340,0.2465989589691162,0.916015625,0
rcod-default,1,2360,0.2475581169128418,0.91357421875,0
rcod-default,1,2380,0.24911044538021088,0.91845703125,0
rcod-default,1,2400,0.256877601146698,0.91650390625,0
rcod-default,1,2420,0.2599470317363739,0.9169921875,0
rcod-default,1,2440,0.26029807329177856,0.91552734375,0
rcod-default,1,2460,0.25914591550827026,0.916015625,0
rcod-default,1,2480,0.2566583752632141,0.91748046875,0
rcod-default,1,2500,0.2680549919605255,0.9150390625,0
rcod-default,1,2520,0.26720431447029114,0.9150390625,0
rcod-default,1,2540,0.26914867758750916,0.9130859375,0
rcod-default,1,2560,0.276600182056427,0.91650390625,0
rcod-default,1,2580,0.2766795754432678,0.91650390625,0
rcod-default,1,2600,0.2698860764503479,0.916015625,0
rcod-default,1,2620,0.273176372051239,0.91650390625,0
rcod-default,1,2640,0.2758556008338928,0.91650390625,0
rcod-default,1,2660,0.2793121635913849,0.916015625,0
rcod-default,1,2680,0.2858321964740753,0.9150390625,0
rcod-default,1,2700,0.28641727566719055,0.9150390625,0
rcod-default,1,2720,0.295661062002182,0.91357421875,0
rcod-default,1,2740,0.28655603528022766,0.9169921875,0
rcod-default,1,2760,0.2922557592391968,0.91455078125,0
rcod-default,1,2780,0.2994535267353058,0.91455078125,0
rcod-default,1,2800,0.30158665776252747,0.9140625,0
rcod-default,1,2820,0.2977807819843292,0.91552734375,0
rcod-default,1,2840,0.30336952209472656,0.916015625,0
rcod-default,1,2860,0.3076450228691101,0.916015625,0
rcod-default,1,2880,0.30622971057891846,0.91650390625,0
rcod-default,1,2900,0.3062063753604889,0.912109375,0
rcod-default,1,2920,0.30508968234062195,0.9140625,0
rcod-default,1,2940,0.3164176046848297,0.912109375,0
rcod-default,1,2960,0.31292641162872314,0.91015625,0
rcod-default,1,2980,0.31841352581977844,0.916015625,0
rcod-default,1,2999,0.3203619718551636,0.9150390625,0
rcod-default,2,0,1.3329399824142456,0.4052734375,0
rcod-default,2,20,0.9608621001243591,0.6103515625,0
rcod-default,2,40,0.5843736529350281,0.83349609375,0
rcod-default,2,60,0.37166720628738403,0.875,0
rcod-default,2,80,0.3035675883293152,0.88671875,0
rcod-default,2,100,0.27465930581092834,0.89306640625,0
rcod-default,2,120,0.26427844166755676,0.89111328125,0
rcod-default,2,140,0.25105562806129456,0.89892578125,0
rcod-default,2,160,0.25214678049087524,0.896484375,0
rcod-default,2,180,0.2424122542142868,0.90478515625,0
rcod-default,2,200,0.22616969048976898,0.91259765625,0
rcod-default,2,220,0.22213532030582428,0.91455078125,0
rcod-default,2,240,0.2276417762041092,0.9052734375,0
rcod-default,2,260,0.2225247621536255,0.90869140625,0
rcod-default,2,280,0.2164987325668335,0.91357421875,0
rcod-default,2,300,0.21329015493392944,0.91357421875,0
rcod-default,2,320,0.2165990173816681,0.912109375,0
rcod-default,2,340,0.22210396826267242,0.90869140625,0
rcod-default,2,360,0.22171106934547424,0.91064453125,0
rcod-default,2,380,0.22139614820480347,0.91552734375,0
rcod-default,2,400,0.21528826653957367,0.9140625,0
rcod-default,2,420,0.22090023756027222,0.919921875,0
rcod-default,2,440,0.22856585681438446,0.91064453125,0
rcod-default,2,460,0.22530105710029602,0.90771484375,0
rcod-default,2,480,0.22939828038215637,0.91259765625,0
rcod-default,2,500,0.23113521933555603,0.91064453125,0
rcod-default,2,520,0.22897008061408997,0.9130859375,0
rcod-default,2,540,0.23615187406539917,0.91259765625,0
rcod-default,2,560,0.23286814987659454,0.91259765625,0
rcod-default,2,580,0.2423400580883026,0.912109375,0
rcod-default,2,600,0.25291258096694946,0.90966796875,0
rcod-default,2,620,0.24651144444942474,0.9130859375,0
rcod-default,2,640,0.24527607858181,0.91162109375,0
rcod-default,2,660,0.24534036219120026,0.91455078125,0
rcod-default,2,680,0.25112074613571167,0.91357421875,0
rcod-default,2,700,0.26251837611198425,0.9052734375,0
rcod-default,2,720,0.251742959022522,0.912109375,0
rcod-default,2,740,0.2547914981842041,0.9150390625,0
rcod-default,2,760,0.2705664038658142,0.908203125,0
rcod-default,2,780,0.269623726606369,0.9130859375,0
rcod-default,2,800,0.2765897810459137,0.9130859375,0
rcod-default,2,820,0.2792765498161316,0.91015625,0
rcod-default,2,840,0.28050991892814636,0.9091796875,0
rcod-default,2,860,0.28787681460380554,0.91357421875,0
rcod-default,2,880,0.28621283173561096,0.9150390625,0
rcod-default,2,900,0.2925257086753845,0.91259765625,0
rcod-default,2,920,0.30078601837158203,0.91015625,0
rcod-default,2,940,0.3066829442977905,0.91162109375,0
rcod-default,2,960,0.2966954708099365,0.91455078125,0
rcod-default,2,980,0.31581175327301025,0.90771484375,0
rcod-default,2,1000,0.31884288787841797,0.90771484375,0
rcod-default,2,1020,0.3110334575176239,0.9111328125,0
rcod-default,2,1040,0.3158954381942749,0.91259765625,0
rcod-default,2,1060,0.3203516900539398,0.912109375,0
rcod-default,2,1080,0.32419294118881226,0.912109375,0
rcod-default,2,1100,0.32716405391693115,0.9111328125,0
rcod-default,2,1120,0.3381827473640442,0.90966796875,0
rcod-default,2,1140,0.33982399106025696,0.9072265625,0
rcod-default,2,1160,0.33364930748939514,0.9130859375,0
rcod-default,2,1180,0.34512007236480713,0.90966796875,0
rcod-default,2,1200,0.34561994671821594,0.9091796875,1
rcod-default,2,1220,0.9998481273651123,0.646484375,1
rcod-default,2,1240,1.2389569282531738,0.58056640625,1
rcod-default,2,1260,1.1312832832336426,0.6787109375,1
rcod-default,2,1280,1.1103929281234741,0.7265625,1
rcod-default,2,1300,1.0400440692901611,0.7548828125,1
rcod-default,2,1320,1.0003139972686768,0.802734375,1
rcod-default,2,1340,0.9550700187683105,0.8251953125,1
rcod-default,2,1360,0.9655148386955261,0.84033203125,1
rcod-default,2,1380,0.9497488141059875,0.85302734375,1
rcod-default,2,1400,0.9605262279510498,0.84765625,1
rcod-default,2,1420,0.9378104209899902,0.8427734375,1
rcod-default,2,1440,0.9384395480155945,0.86279296875,1
rcod-default,2,1460,0.9434483051300049,0.865234375,1
rcod-default,2,1480,0.9329771995544434,0.86572265625,1
rcod-default,2,1500,0.9256985187530518,0.85693359375,1
rcod-default,2,1520,0.9191358685493469,0.86865234375,1
rcod-default,2,1540,0.9302664399147034,0.86328125,1
rcod-default,2,1560,0.914604127407074,0.8603515625,1
rcod-default,2,1580,0.9198887348175049,0.8623046875,1
rcod-default,2,1600,0.9151219725608826,0.86572265625,1
rcod-default,2,1620,0.9137178063392639,0.8623046875,1
rcod-default,2,1640,0.9056582450866699,0.87353515625,1
rcod-default,2,1660,0.922429084777832,0.86572265625,1
rcod-default,2,1680,0.9225114583969116,0.87646484375,1
rcod-default,2,1700,0.8914169073104858,0.8681640625,0
rcod-default,2,1720,0.5388339757919312,0.86962890625,0
rcod-default,2,1740,0.3769858479499817,0.88818359375,0
rcod-default,2,1760,0.3124050199985504,0.89794921875,0
rcod-default,2,1780,0.28564679622650146,0.89599609375,0
rcod-default,2,1800,0.26679491996765137,0.90185546875,0
rcod-default,2,1820,0.25293663144111633,0.90478515625,0
rcod-default,2,1840,0.24624785780906677,0.90283203125,0
rcod-default,2,1860,0.23947858810424805,0.91162109375,0
rcod-default,2,1880,0.23388925194740295,0.91162109375,0
rcod-default,2,1900,0.23276950418949127,0.9111328125,0
rcod-default,2,1920,0.2322773039340973,0.90771484375,0
rcod-default,2,1940,0.22667112946510315,0.9150390625,0
rcod-default,2,1960,0.22263352572917938,0.91650390625,0
rcod-default,2,1980,0.22469942271709442,0.916015625,0
rcod-default,2,2000,0.22188104689121246,0.91796875,0
rcod-default,2,2020,0.22113890945911407,0.91455078125,0
rcod-default,2,2040,0.2191242128610611,0.916015625,0
rcod-default,2,2060,0.22483299672603607,0.9169921875,0
rcod-default,2,2080,0.2292546033859253,0.9150390625,0
rcod-default,2,2100,0.22345347702503204,0.9150390625,0
rcod-default,2,2120,0.22932249307632446,0.9169921875,0
rcod-default,2,2140,0.22628936171531677,0.91162109375,0
rcod-default,2,2160,0.22884522378444672,0.916015625,0
rcod-default,2,2180,0.2340548038482666,0.9150390625,0
rcod-default,2,2200,0.22838462889194489,0.91455078125,0
rcod-default,2,2220,0.23363672196865082,0.91552734375,0
rcod-default,2,2240,0.23403626680374146,0.912109375,0
rcod-default,2,2260,0.2369125932455063,0.91259765625,0
rcod-default,2,2280,0.24349460005760193,0.91162109375,0
rcod-default,2,2300,0.24319781363010406,0.91357421875,0
rcod-default,2,2320,0.24364449083805084,0.91650390625,0
rcod-default,2,2340,0.2508932054042816,0.9111328125,0
rcod-default,2,2360,0.25180238485336304,0.91552734375,0
rcod-default,2,2380,0.24974116683006287,0.912109375,0
rcod-default,2,2400,0.251054048538208,0.9130859375,0
rcod-default,2,2420,0.25654345750808716,0.91015625,0
rcod-default,2,2440,0.25491905212402344,0.9130859375,0
rcod-default,2,2460,0.2609727680683136,0.90869140625,0
rcod-default,2,2480,0.26381754875183105,0.91015625,0
rcod-default,2,2500,0.26483362913131714,0.9150390625,0
rcod-default,2,2520,0.2746531367301941,0.91162109375,0
rcod-default,2,2540,0.2733539640903473,0.91259765625,0
rcod-default,2,2560,0.27176567912101746,0.91259765625,0
rcod-default,2,2580,0.2723732590675354,0.91064453125,0
rcod-default,2,2600,0.26923874020576477,0.9140625,0
rcod-default,2,2620,0.2775687575340271,0.9140625,0
rcod-default,2,2640,0.2765536308288574,0.91015625,0
rcod-default,2,2660,0.28280460834503174,0.91455078125,0
rcod-default,2,2680,0.28262677788734436,0.9208984375,0
rcod-default,2,2700,0.28308477997779846,0.9150390625,0
rcod-default,2,2720,0.2941426932811737,0.9091796875,0
rcod-default,2,2740,0.2940118908882141,0.91259765625,0
rcod-default,2,2760,0.29373055696487427,0.9140625,0
rcod-default,2,2780,0.2942911684513092,0.916015625,0
rcod-default,2,2800,0.2993045449256897,0.9169921875,0
rcod-default,2,2820,0.3018542528152466,0.9130859375,0
rcod-default,2,2840,0.30403193831443787,0.91357421875,0
rcod-default,2,2860,0.3095923662185669,0.912109375,0
rcod-default,2,2880,0.3142485022544861,0.91357421875,0
rcod-default,2,2900,0.30819928646087646,0.91455078125,0
rcod-default,2,2920,0.31731998920440674,0.91259765625,0
rcod-default,2,2940,0.3073171377182007,0.91650390625,0
rcod-default,2,2960,0.31366220116615295,0.916015625,0
rcod-default,2,2980,0.31967034935951233,0.9130859375,0
rcod-default,2,2999,0.3208596110343933,0.9140625,0
rcod-updates-default,0,0,1.3690290451049805,0.3525390625,0
rcod-updates-default,0,20,1.1013449430465698,0.4638671875,0
rcod-updates-default,0,40,0.7197524309158325,0.751953125,0
rcod-updates-default,0,60,0.4326358437538147,0.85888671875,0
rcod-updates-default,0,80,0.3083253502845764,0.8916015625,0
rcod-updates-default,0,100,0.2619072496891022,0.904296875,0
rcod-updates-default,0,120,0.26119717955589294,0.90234375,0
rcod-updates-default,0,140,0.25643953680992126,0.90478515625,0
rcod-updates-default,0,160,0.2564224898815155,0.9052734375,0
rcod-updates-default,0,180,0.25603345036506653,0.90576171875,0
rcod-updates-default,0,200,0.2559839189052582,0.904296875,0
rcod-updates-default,0,220,0.25584062933921814,0.90625,0
rcod-updates-default,0,240,0.2557106614112854,0.9052734375,0
rcod-updates-default,0,260,0.2560080289840698,0.90478515625,0
rcod-updates-default,0,280,0.25579512119293213,0.90576171875,0
rcod-updates-default,0,300,0.2539604604244232,0.90576171875,0
rcod-updates-default,0,320,0.2512251138687134,0.908203125,0
rcod-updates-default,0,340,0.25082284212112427,0.90869140625,0
rcod-updates-default,0,360,0.2498459368944168,0.90478515625,0
rcod-updates-default,0,380,0.24942374229431152,0.90625,0
rcod-updates-default,0,400,0.24838417768478394,0.90771484375,0
rcod-updates-default,0,420,0.24787499010562897,0.90576171875,0
rcod-updates-default,0,440,0.2465200573205948,0.90625,0
rcod-updates-default,0,460,0.24500834941864014,0.90478515625,0
rcod-updates-default,0,480,0.24353554844856262,0.91162109375,0
rcod-updates-default,0,500,0.24792417883872986,0.90673828125,0
rcod-updates-default,0,520,0.2441883236169815,0.91015625,0
rcod-updates-default,0,540,0.23900191485881805,0.916015625,0
rcod-updates-default,0,560,0.23747937381267548,0.91015625,0
rcod-updates-default,0,580,0.23685872554779053,0.912109375,0
rcod-updates-default,0,600,0.23615363240242004,0.9140625,0
rcod-updates-default,0,620,0.23569220304489136,0.91357421875,0
rcod-updates-default,0,640,0.23581813275814056,0.91357421875,0
rcod-updates-default,0,660,0.23604129254817963,0.9140625,0
rcod-updates-default,0,680,0.23559792339801788,0.91357421875,0
rcod-updates-default,0,700,0.23573575913906097,0.91259765625,0
rcod-updates-default,0,720,0.23594063520431519,0.91357421875,0
rcod-updates-default,0,740,0.23571571707725525,0.9130859375,0
rcod-updates-default,0,760,0.23586410284042358,0.91455078125,0
rcod-updates-default,0,780,0.2357306033372879,0.912109375,0
rcod-updates-default,0,800,0.23584796488285065,0.9150390625,0
rcod-updates-default,0,820,0.2353125959634781,0.91357421875,0
rcod-updates-default,0,840,0.2357749193906784,0.91357421875,0
rcod-updates-default,0,860,0.235939159989357,0.91357421875,0
rcod-updates-default,0,880,0.23573023080825806,0.91455078125,0
rcod-updates-default,0,900,0.23567181825637817,0.9130859375,0
rcod-updates-default,0,920,0.23588691651821136,0.9140625,0
rcod-updates-default,0,940,0.23582547903060913,0.91357421875,0
rcod-updates-default,0,960,0.23609067499637604,0.9140625,0
rcod-updates-default,0,980,0.23572097718715668,0.91357421875,0
rcod-updates-default,0,1000,0.23546035587787628,0.91357421875,0
rcod-updates-default,0,1020,0.2356133610010147,0.9140625,0
rcod-updates-default,0,1040,0.23559577763080597,0.91357421875,0
rcod-updates-default,0,1060,0.23574890196323395,0.91357421875,0
rcod-updates-default,0,1080,0.23579595983028412,0.91357421875,0
rcod-updates-default,0,1100,0.23564793169498444,0.91259765625,0
rcod-updates-default,0,1120,0.23511452972888947,0.9140625,0
rcod-updates-default,0,1140,0.23528987169265747,0.91357421875,0
rcod-updates-default,0,1160,0.2354622185230255,0.9140625,0
rcod-updates-default,0,1180,0.2359497994184494,0.912109375,0
rcod-updates-default,0,1200,0.23601292073726654,0.91357421875,1
rcod-updates-default,0,1220,0.34099724888801575,0.8505859375,1
rcod-updates-default,0,1240,1.0239460468292236,0.5751953125,1
rcod-updates-default,0,1260,0.6591977477073669,0.73046875,1
rcod-updates-default,0,1280,0.776427686214447,0.82421875,1
rcod-updates-default,0,1300,0.8119814395904541,0.869140625,1
rcod-updates-default,0,1320,0.988649845123291,0.7470703125,1
rcod-updates-default,0,1340,0.9796501994132996,0.7578125,1
rcod-updates-default,0,1360,0.9126452803611755,0.869140625,1
rcod-updates-default,0,1380,0.9161956310272217,0.8720703125,1
rcod-updates-default,0,1400,0.9506673216819763,0.87255859375,1
rcod-updates-default,0,1420,0.9499620795249939,0.87353515625,1
rcod-updates-default,0,1440,0.9508793354034424,0.873046875,1
rcod-updates-default,0,1460,0.9497562050819397,0.87451171875,1
rcod-updates-default,0,1480,0.9512690901756287,0.873046875,1
rcod-updates-default,0,1500,0.9510319232940674,0.873046875,1
rcod-updates-default,0,1520,0.9506600499153137,0.87353515625,1
rcod-updates-default,0,1540,0.9493968486785889,0.875,1
rcod-updates-default,0,1560,0.9497203826904297,0.875,1
rcod-updates-default,0,1580,0.9490652084350586,0.87353515625,1
rcod-updates-default,0,1600,0.9512503147125244,0.873046875,1
rcod-updates-default,0,1620,0.9507555961608887,0.873046875,1
rcod-updates-default,0,1640,0.9506027102470398,0.873046875,1
rcod-updates-default,0,1660,0.9519876837730408,0.8740234375,1
rcod-updates-default,0,1680,0.9515911936759949,0.87353515625,1
rcod-updates-default,0,1700,0.9481835961341858,0.8740234375,0
rcod-updates-default,0,1720,0.9180928468704224,0.88134765625,0
rcod-updates-default,0,1740,0.7189508080482483,0.85595703125,0
rcod-updates-default,0,1760,0.49444979429244995,0.8203125,0
rcod-updates-default,0,1780,0.4437568783760071,0.87109375,0
rcod-updates-default,0,1800,0.3883103132247925,0.89990234375,0
rcod-updates-default,0,1820,0.3567376732826233,0.8779296875,0
rcod-updates-default,0,1840,0.35578784346580505,0.88134765625,0
rcod-updates-default,0,1860,0.3319663107395172,0.89599609375,0
rcod-updates-default,0,1880,0.3490014374256134,0.8671875,0
rcod-updates-default,0,1900,0.2932591438293457,0.904296875,0
rcod-updates-default,0,1920,0.2925978899002075,0.90576171875,0
rcod-updates-default,0,1940,0.2746390700340271,0.9072265625,0
rcod-updates-default,0,1960,0.27120450139045715,0.90966796875,0
rcod-updates-default,0,1980,0.264509916305542,0.90673828125,0
rcod-updates-default,0,2000,0.2633071839809418,0.90771484375,0
rcod-updates-default,0,2020,0.2599487006664276,0.91015625,0
rcod-updates-default,0,2040,0.25961509346961975,0.91015625,0
rcod-updates-default,0,2060,0.25947651267051697,0.91064453125,0
rcod-updates-default,0,2080,0.2595676779747009,0.91015625,0
rcod-updates-default,0,2100,0.2597286105155945,0.9091796875,0
rcod-updates-default,0,2120,0.25953903794288635,0.9111328125,0
rcod-updates-default,0,2140,0.25933876633644104,0.91259765625,0
rcod-updates-default,0,2160,0.2594737112522125,0.912109375,0
rcod-updates-default,0,2180,0.25973019003868103,0.90869140625,0
rcod-updates-default,0,2200,0.2595798075199127,0.90966796875,0
rcod-updates-default,0,2220,0.2594218850135803,0.91064453125,0
rcod-updates-default,0,2240,0.2593260705471039,0.91162109375,0
rcod-updates-default,0,2260,0.25968143343925476,0.9091796875,0
rcod-updates-default,0,2280,0.2594536542892456,0.9091796875,0
rcod-updates-default,0,2300,0.2596719264984131,0.91162109375,0
rcod-updates-default,0,2320,0.2591942846775055,0.91162109375,0
rcod-updates-default,0,2340,0.2589584290981293,0.9111328125,0
rcod-updates-default,0,2360,0.259368896484375,0.912109375,0
rcod-updates-default,0,2380,0.259515643119812,0.90869140625,0
rcod-updates-default,0,2400,0.25928911566734314,0.9111328125,0
rcod-updates-default,0,2420,0.25926196575164795,0.9111328125,0
rcod-updates-default,0,2440,0.25982916355133057,0.90869140625,0
rcod-updates-default,0,2460,0.25935545563697815,0.91064453125,0
rcod-updates-default,0,2480,0.2593223452568054,0.91162109375,0
rcod-updates-default,0,2500,0.2592533826828003,0.9091796875,0
rcod-updates-default,0,2520,0.25936761498451233,0.9091796875,0
rcod-updates-default,0,2540,0.25930941104888916,0.90966796875,0
rcod-updates-default,0,2560,0.2593526542186737,0.91064453125,0
rcod-updates-default,0,2580,0.2602597177028656,0.9091796875,0
rcod-updates-default,0,2600,0.25908002257347107,0.912109375,0
rcod-updates-default,0,2620,0.25946274399757385,0.912109375,0
rcod-updates-default,0,2640,0.2595635950565338,0.90869140625,0
rcod-updates-default,0,2660,0.259280264377594,0.90966796875,0
rcod-updates-default,0,2680,0.2589512765407562,0.9111328125,0
rcod-updates-default,0,2700,0.25890758633613586,0.912109375,0
rcod-updates-default,0,2720,0.2591758966445923,0.9111328125,0
rcod-updates-default,0,2740,0.25601378083229065,0.912109375,0
rcod-updates-default,0,2760,0.25638508796691895,0.9130859375,0
rcod-updates-default,0,2780,0.25637051463127136,0.9130859375,0
rcod-updates-default,0,2800,0.25608789920806885,0.9130859375,0
rcod-updates-default,0,2820,0.2564721703529358,0.912109375,0
rcod-updates-default,0,2840,0.25641435384750366,0.91259765625,0
rcod-updates-default,0,2860,0.25333118438720703,0.91015625,0
rcod-updates-default,0,2880,0.2537999749183655,0.9091796875,0
rcod-updates-default,0,2900,0.25320327281951904,0.90869140625,0
rcod-updates-default,0,2920,0.25215786695480347,0.90234375,0
rcod-updates-default,0,2940,0.2502535879611969,0.9072265625,0
rcod-updates-default,0,2960,0.24893879890441895,0.91259765625,0
rcod-updates-default,0,2980,0.24930571019649506,0.90283203125,0
rcod-updates-default,0,2999,0.23851889371871948,0.9150390625,0
rcod-updates-default,1,0,1.3701481819152832,0.29931640625,0
rcod-updates-default,1,20,1.0654141902923584,0.63037109375,0
rcod-updates-default,1,40,0.657749593257904,0.78759765625,0
rcod-updates-default,1,60,0.41170811653137207,0.85205078125,0
rcod-updates-default,1,80,0.3046523928642273,0.890625,0
rcod-updates-default,1,100,0.2680058777332306,0.892578125,0
rcod-updates-default,1,120,0.264554888010025,0.89599609375,0
rcod-updates-default,1,140,0.25585508346557617,0.90673828125,0
rcod-updates-default,1,160,0.2676672339439392,0.89111328125,0
rcod-updates-default,1,180,0.25213822722435,0.908203125,0
rcod-updates-default,1,200,0.24499885737895966,0.9072265625,0
rcod-updates-default,1,220,0.24420446157455444,0.9052734375,0
rcod-updates-default,1,240,0.24460087716579437,0.91015625,0
rcod-updates-default,1,260,0.24140487611293793,0.9072265625,0
rcod-updates-default,1,280,0.24104171991348267,0.9072265625,0
rcod-updates-default,1,300,0.24096834659576416,0.9091796875,0
rcod-updates-default,1,320,0.2406761646270752,0.90966796875,0
rcod-updates-default,1,340,0.2395631968975067,0.908203125,0
rcod-updates-default,1,360,0.24017493426799774,0.91064453125,0
rcod-updates-default,1,380,0.23959675431251526,0.91015625,0
rcod-updates-default,1,400,0.24005529284477234,0.91015625,0
rcod-updates-default,1,420,0.24097472429275513,0.908203125,0
rcod-updates-default,1,440,0.2400946468114853,0.90869140625,0
rcod-updates-default,1,460,0.24055641889572144,0.90771484375,0
rcod-updates-default,1,480,0.2407589554786682,0.91015625,0
rcod-updates-default,1,500,0.240443617105484,0.91015625,0
rcod-updates-default,1,520,0.2398693561553955,0.91064453125,0
rcod-updates-default,1,540,0.2409982979297638,0.90966796875,0
rcod-updates-default,1,560,0.24027583003044128,0.90771484375,0
rcod-updates-default,1,580,0.24021247029304504,0.90673828125,0
rcod-updates-default,1,600,0.23999346792697906,0.9052734375,0
rcod-updates-default,1,620,0.240510493516922,0.908203125,0
rcod-updates-default,1,640,0.24062706530094147,0.9072265625,0
rcod-updates-default,1,660,0.24092218279838562,0.908203125,0
rcod-updates-default,1,680,0.2406897097826004,0.9072265625,0
rcod-updates-default,1,700,0.24030381441116333,0.9091796875,0
rcod-updates-default,1,720,0.2404894232749939,0.90625,0
rcod-updates-default,1,740,0.24016454815864563,0.90771484375,0
rcod-updates-default,1,760,0.23947083950042725,0.90869140625,0
rcod-updates-default,1,780,0.24038013815879822,0.9091796875,0
rcod-updates-default,1,800,0.2402632236480713,0.91015625,0
rcod-updates-default,1,820,0.24030449986457825,0.908203125,0
rcod-updates-default,1,840,0.24111658334732056,0.908203125,0
rcod-updates-default,1,860,0.2403755784034729,0.90869140625,0
rcod-updates-default,1,880,0.24059216678142548,0.90869140625,0
rcod-updates-default,1,900,0.24037089943885803,0.90966796875,0
rcod-updates-default,1,920,0.24063199758529663,0.90869140625,0
rcod-updates-default,1,940,0.2402992844581604,0.908203125,0
rcod-updates-default,1,960,0.24039950966835022,0.908203125,0
rcod-updates-default,1,980,0.24028798937797546,0.90869140625,0
rcod-updates-default,1,1000,0.2402971237897873,0.9072265625,0
rcod-updates-default,1,1020,0.24042071402072906,0.91064453125,0
rcod-updates-default,1,1040,0.24069033563137054,0.908203125,0
rcod-updates-default,1,1060,0.24015045166015625,0.9091796875,0
rcod-updates-default,1,1080,0.2401057779788971,0.9091796875,0
rcod-updates-default,1,1100,0.24020642042160034,0.908203125,0
rcod-updates-default,1,1120,0.24087560176849365,0.90966796875,0
rcod-updates-default,1,1140,0.2408725917339325,0.9072265625,0
rcod-updates-default,1,1160,0.24009039998054504,0.91015625,0
rcod-updates-default,1,1180,0.24036423861980438,0.90771484375,0
rcod-updates-default,1,1200,0.2414216846227646,0.9091796875,1
rcod-updates-default,1,1220,0.2579413652420044,0.90283203125,1
rcod-updates-default,1,1240,0.8448601365089417,0.61376953125,1
rcod-updates-default,1,1260,0.64405757188797,0.78125,1
rcod-updates-default,1,1280,0.8048058152198792,0.8623046875,1
rcod-updates-default,1,1300,0.9868419170379639,0.794921875,1
rcod-updates-default,1,1320,0.9815891981124878,0.80322265625,1
rcod-updates-default,1,1340,0.9712794423103333,0.8349609375,1
rcod-updates-default,1,1360,0.9689865112304688,0.837890625,1
rcod-updates-default,1,1380,0.9708549976348877,0.8369140625,1
rcod-updates-default,1,1400,0.9694849252700806,0.8369140625,1
rcod-updates-default,1,1420,0.9700696468353271,0.83740234375,1
rcod-updates-default,1,1440,0.9698396325111389,0.8388671875,1
rcod-updates-default,1,1460,0.9690603613853455,0.83740234375,1
rcod-updates-default,1,1480,0.968417763710022,0.83837890625,1
rcod-updates-default,1,1500,0.9692347645759583,0.8388671875,1
rcod-updates-default,1,1520,0.9716396927833557,0.83544921875,1
rcod-updates-default,1,1540,0.9719219207763672,0.8359375,1
rcod-updates-default,1,1560,0.970176100730896,0.8369140625,1
rcod-updates-default,1,1580,0.9695162773132324,0.8369140625,1
rcod-updates-default,1,1600,0.9697598814964294,0.8359375,1
rcod-updates-default,1,1620,0.970550000667572,0.8369140625,1
rcod-updates-default,1,1640,0.9693993926048279,0.83837890625,1
rcod-updates-default,1,1660,0.9693498611450195,0.83837890625,1
rcod-updates-default,1,1680,0.970352292060852,0.8388671875,1
rcod-updates-default,1,1700,0.9676771759986877,0.83642578125,0
rcod-updates-default,1,1720,0.9435379505157471,0.84814453125,0
rcod-updates-default,1,1740,0.7072104811668396,0.88427734375,0
rcod-updates-default,1,1760,0.40766191482543945,0.86328125,0
rcod-updates-default,1,1780,0.35997217893600464,0.90380859375,0
rcod-updates-default,1,1800,0.3524992763996124,0.8994140625,0
rcod-updates-default,1,1820,0.33249375224113464,0.8759765625,0
rcod-updates-default,1,1840,0.30670762062072754,0.9052734375,0
rcod-updates-default,1,1860,0.3077360987663269,0.90087890625,0
rcod-updates-default,1,1880,0.3072655498981476,0.880859375,0
rcod-updates-default,1,1900,0.3033057749271393,0.888671875,0
rcod-updates-default,1,1920,0.3333556056022644,0.8662109375,0
rcod-updates-default,1,1940,0.30325087904930115,0.87939453125,0
rcod-updates-default,1,1960,0.28720396757125854,0.88525390625,0
rcod-updates-default,1,1980,0.2578684985637665,0.8994140625,0
rcod-updates-default,1,2000,0.2719265818595886,0.88525390625,0
rcod-updates-default,1,2020,0.2452179491519928,0.90380859375,0
rcod-updates-default,1,2040,0.24114689230918884,0.90576171875,0
rcod-updates-default,1,2060,0.22466520965099335,0.9130859375,0
rcod-updates-default,1,2080,0.22387412190437317,0.91455078125,0
rcod-updates-default,1,2100,0.2233814299106598,0.91455078125,0
rcod-updates-default,1,2120,0.22307653725147247,0.9130859375,0
rcod-updates-default,1,2140,0.2232130616903305,0.91357421875,0
rcod-updates-default,1,2160,0.22300393879413605,0.9130859375,0
rcod-updates-default,1,2180,0.22309555113315582,0.9130859375,0
rcod-updates-default,1,2200,0.22306258976459503,0.91357421875,0
rcod-updates-default,1,2220,0.22314748167991638,0.9140625,0
rcod-updates-default,1,2240,0.22353173792362213,0.9130859375,0
rcod-updates-default,1,2260,0.22304338216781616,0.9140625,0
rcod-updates-default,1,2280,0.22348272800445557,0.91357421875,0
rcod-updates-default,1,2300,0.22307492792606354,0.9140625,0
rcod-updates-default,1,2320,0.2231566607952118,0.9140625,0
rcod-updates-default,1,2340,0.2232869565486908,0.91357421875,0
rcod-updates-default,1,2360,0.22322024405002594,0.91357421875,0
rcod-updates-default,1,2380,0.22296278178691864,0.9130859375,0
rcod-updates-default,1,2400,0.2229451835155487,0.91357421875,0
rcod-updates-default,1,2420,0.2230234295129776,0.91455078125,0
rcod-updates-default,1,2440,0.22282087802886963,0.9140625,0
rcod-updates-default,1,2460,0.22276674211025238,0.91455078125,0
rcod-updates-default,1,2480,0.22274522483348846,0.9150390625,0
rcod-updates-default,1,2500,0.22315460443496704,0.9140625,0
rcod-updates-default,1,2520,0.22318658232688904,0.9150390625,0
rcod-updates-default,1,2540,0.22304080426692963,0.91357421875,0
rcod-updates-default,1,2560,0.22287727892398834,0.91357421875,0
rcod-updates-default,1,2580,0.22286176681518555,0.9140625,0
rcod-updates-default,1,2600,0.22300828993320465,0.9130859375,0
rcod-updates-default,1,2620,0.22330814599990845,0.9140625,0
rcod-updates-default,1,2640,0.2229500561952591,0.9130859375,0
rcod-updates-default,1,2660,0.2228652685880661,0.91357421875,0
rcod-updates-default,1,2680,0.22313842177391052,0.91357421875,0
rcod-updates-default,1,2700,0.2229529768228531,0.9130859375,0
rcod-updates-default,1,2720,0.22357448935508728,0.9130859375,0
rcod-updates-default,1,2740,0.22301346063613892,0.9130859375,0
rcod-updates-default,1,2760,0.22303907573223114,0.9140625,0
rcod-updates-default,1,2780,0.22330445051193237,0.91357421875,0
rcod-updates-default,1,2800,0.22294113039970398,0.9150390625,0
rcod-updates-default,1,2820,0.2232218235731125,0.91455078125,0
rcod-updates-default,1,2840,0.22315621376037598,0.91357421875,0
rcod-updates-default,1,2860,0.22311124205589294,0.9140625,0
rcod-updates-default,1,2880,0.22289444506168365,0.9130859375,0
rcod-updates-default,1,2900,0.222638338804245,0.9130859375,0
rcod-updates-default,1,2920,0.22296291589736938,0.9130859375,0
rcod-updates-default,1,2940,0.2231777310371399,0.91455078125,0
rcod-updates-default,1,2960,0.22293131053447723,0.91455078125,0
rcod-updates-default,1,2980,0.22282804548740387,0.91259765625,0
rcod-updates-default,1,2999,0.22324928641319275,0.9140625,0
rcod-updates-default,2,0,1.3329399824142456,0.4052734375,0
rcod-updates-default,2,20,0.9608621001243591,0.6103515625,0
rcod-updates-default,2,40,0.5843736529350281,0.83349609375,0
rcod-updates-default,2,60,0.37166720628738403,0.875,0
rcod-updates-default,2,80,0.3035675883293152,0.88671875,0
rcod-updates-default,2,100,0.27628663182258606,0.892578125,0
rcod-updates-default,2,120,0.2759327292442322,0.8935546875,0
rcod-updates-default,2,140,0.27094218134880066,0.89794921875,0
rcod-updates-default,2,160,0.2844623327255249,0.890625,0
rcod-updates-default,2,180,0.2686935067176819,0.8955078125,0
rcod-updates-default,2,200,0.26284369826316833,0.89990234375,0
rcod-updates-default,2,220,0.2621117830276489,0.8994140625,0
rcod-updates-default,2,240,0.26720303297042847,0.89501953125,0
rcod-updates-default,2,260,0.25911346077919006,0.8974609375,0
rcod-updates-default,2,280,0.2593664824962616,0.8984375,0
rcod-updates-default,2,300,0.2591303884983063,0.8984375,0
rcod-updates-default,2,320,0.2588348090648651,0.8984375,0
rcod-updates-default,2,340,0.258795827627182,0.89892578125,0
rcod-updates-default,2,360,0.2588949501514435,0.8984375,0
rcod-updates-default,2,380,0.2595839500427246,0.896484375,0
rcod-updates-default,2,400,0.25889256596565247,0.89794921875,0
rcod-updates-default,2,420,0.25875598192214966,0.8994140625,0
rcod-updates-default,2,440,0.25953805446624756,0.8955078125,0
rcod-updates-default,2,460,0.2591915726661682,0.89697265625,0
rcod-updates-default,2,480,0.25911787152290344,0.8984375,0
rcod-updates-default,2,500,0.2590155005455017,0.89697265625,0
rcod-updates-default,2,520,0.2588072717189789,0.8984375,0
rcod-updates-default,2,540,0.2587645947933197,0.89892578125,0
rcod-updates-default,2,560,0.2587340176105499,0.896484375,0
rcod-updates-default,2,580,0.2589276134967804,0.8984375,0
rcod-updates-default,2,600,0.25882190465927124,0.89892578125,0
rcod-updates-default,2,620,0.2593812644481659,0.8984375,0
rcod-updates-default,2,640,0.2588436007499695,0.89892578125,0
rcod-updates-default,2,660,0.25862210988998413,0.8984375,0
rcod-updates-default,2,680,0.2586674690246582,0.8984375,0
rcod-updates-default,2,700,0.25883379578590393,0.89892578125,0
rcod-updates-default,2,720,0.2585465908050537,0.900390625,0
rcod-updates-default,2,740,0.2589738965034485,0.8984375,0
rcod-updates-default,2,760,0.25974366068840027,0.89697265625,0
rcod-updates-default,2,780,0.2590470314025879,0.89892578125,0
rcod-updates-default,2,800,0.2590165436267853,0.8984375,0
rcod-updates-default,2,820,0.2590864598751068,0.89892578125,0
rcod-updates-default,2,840,0.25877806544303894,0.8984375,0
rcod-updates-default,2,860,0.25842154026031494,0.89697265625,0
rcod-updates-default,2,880,0.2587513327598572,0.89794921875,0
rcod-updates-default,2,900,0.258756548166275,0.89892578125,0
rcod-updates-default,2,920,0.2588474154472351,0.89794921875,0
rcod-updates-default,2,940,0.2586137354373932,0.8984375,0
rcod-updates-default,2,960,0.25802433490753174,0.8984375,0
rcod-updates-default,2,980,0.2593086063861847,0.89794921875,0
rcod-updates-default,2,1000,0.25930270552635193,0.896484375,0
rcod-updates-default,2,1020,0.25911542773246765,0.8974609375,0
rcod-updates-default,2,1040,0.2585839629173279,0.89990234375,0
rcod-updates-default,2,1060,0.25914546847343445,0.8984375,0
rcod-updates-default,2,1080,0.2586139440536499,0.8984375,0
rcod-updates-default,2,1100,0.2592257261276245,0.89697265625,0
rcod-updates-default,2,1120,0.2589414417743683,0.89794921875,0
rcod-updates-default,2,1140,0.2588241994380951,0.89892578125,0
rcod-updates-default,2,1160,0.2590247392654419,0.89794921875,0
rcod-updates-default,2,1180,0.25882333517074585,0.8955078125,0
rcod-updates-default,2,1200,0.2591606080532074,0.89794921875,1
rcod-updates-default,2,1220,0.2795698344707489,0.89453125,1
rcod-updates-default,2,1240,1.2246068716049194,0.298828125,1
rcod-updates-default,2,1260,1.0375844240188599,0.4638671875,1
rcod-updates-default,2,1280,0.8015550374984741,0.8896484375,1
rcod-updates-default,2,1300,0.8788886666297913,0.88134765625,1
rcod-updates-default,2,1320,0.9695936441421509,0.88623046875,1
rcod-updates-default,2,1340,0.9747644066810608,0.884765625,1
rcod-updates-default,2,1360,0.9756550192832947,0.884765625,1
rcod-updates-default,2,1380,0.9753079414367676,0.88427734375,1
rcod-updates-default,2,1400,0.9751881957054138,0.88525390625,1
rcod-updates-default,2,1420,0.9747475385665894,0.884765625,1
rcod-updates-default,2,1440,0.9741861820220947,0.884765625,1
rcod-updates-default,2,1460,0.9738621711730957,0.8857421875,1
rcod-updates-default,2,1480,0.9746964573860168,0.884765625,1
rcod-updates-default,2,1500,0.9736867547035217,0.8857421875,1
rcod-updates-default,2,1520,0.9734089374542236,0.88525390625,1
rcod-updates-default,2,1540,0.9749585390090942,0.88427734375,1
rcod-updates-default,2,1560,0.9741319417953491,0.884765625,1
rcod-updates-default,2,1580,0.9749335646629333,0.8828125,1
rcod-updates-default,2,1600,0.9743115305900574,0.88525390625,1
rcod-updates-default,2,1620,0.9748919010162354,0.884765625,1
rcod-updates-default,2,1640,0.9727551937103271,0.88525390625,1
rcod-updates-default,2,1660,0.9754581451416016,0.8857421875,1
rcod-updates-default,2,1680,0.9745265245437622,0.88525390625,1
rcod-updates-default,2,1700,0.970630943775177,0.8857421875,0
rcod-updates-default,2,1720,0.9190216064453125,0.88818359375,0
rcod-updates-default,2,1740,0.6596136689186096,0.87255859375,0
rcod-updates-default,2,1760,0.3348287045955658,0.9013671875,0
rcod-updates-default,2,1780,0.33496183156967163,0.9013671875,0
rcod-updates-default,2,1800,0.29279637336730957,0.89794921875,0
rcod-updates-default,2,1820,0.2878060042858124,0.89892578125,0
rcod-updates-default,2,1840,0.28376802802085876,0.8984375,0
rcod-updates-default,2,1860,0.2760273814201355,0.90380859375,0
rcod-updates-default,2,1880,0.2750058174133301,0.90283203125,0
rcod-updates-default,2,1900,0.27159765362739563,0.900390625,0
rcod-updates-default,2,1920,0.2664007842540741,0.90185546875,0
rcod-updates-default,2,1940,0.2660413086414337,0.9013671875,0
rcod-updates-default,2,1960,0.2740587890148163,0.89794921875,0
rcod-updates-default,2,1980,0.2673741579055786,0.89208984375,0
rcod-updates-default,2,2000,0.26240378618240356,0.896484375,0
rcod-updates-default,2,2020,0.2549835741519928,0.9052734375,0
rcod-updates-default,2,2040,0.25452977418899536,0.89892578125,0
rcod-updates-default,2,2060,0.2671351134777069,0.89697265625,0
rcod-updates-default,2,2080,0.24778063595294952,0.90185546875,0
rcod-updates-default,2,2100,0.24590352177619934,0.90673828125,0
rcod-updates-default,2,2120,0.24590463936328888,0.908203125,0
rcod-updates-default,2,2140,0.24544543027877808,0.90673828125,0
rcod-updates-default,2,2160,0.245308056473732,0.90869140625,0
rcod-updates-default,2,2180,0.2460668832063675,0.9072265625,0
rcod-updates-default,2,2200,0.24512821435928345,0.908203125,0
rcod-updates-default,2,2220,0.24513281881809235,0.90869140625,0
rcod-updates-default,2,2240,0.24545195698738098,0.9072265625,0
rcod-updates-default,2,2260,0.24491779506206512,0.908203125,0
rcod-updates-default,2,2280,0.2433745115995407,0.90673828125,0
rcod-updates-default,2,2300,0.24326655268669128,0.90576171875,0
rcod-updates-default,2,2320,0.243287593126297,0.9052734375,0
rcod-updates-default,2,2340,0.24351531267166138,0.90771484375,0
rcod-updates-default,2,2360,0.2431366890668869,0.90673828125,0
rcod-updates-default,2,2380,0.2432054728269577,0.90625,0
rcod-updates-default,2,2400,0.24295301735401154,0.9072265625,0
rcod-updates-default,2,2420,0.2427736520767212,0.9072265625,0
rcod-updates-default,2,2440,0.24302226305007935,0.90625,0
rcod-updates-default,2,2460,0.2431432604789734,0.90625,0
rcod-updates-default,2,2480,0.24288630485534668,0.9072265625,0
rcod-updates-default,2,2500,0.24315878748893738,0.90673828125,0
rcod-updates-default,2,2520,0.24349771440029144,0.90576171875,0
rcod-updates-default,2,2540,0.24329230189323425,0.90625,0
rcod-updates-default,2,2560,0.24319657683372498,0.90625,0
rcod-updates-default,2,2580,0.24282312393188477,0.90673828125,0
rcod-updates-default,2,2600,0.24299649894237518,0.9072265625,0
rcod-updates-default,2,2620,0.24338099360466003,0.90625,0
rcod-updates-default,2,2640,0.2430216372013092,0.90673828125,0
rcod-updates-default,2,2660,0.24329568445682526,0.90771484375,0
rcod-updates-default,2,2680,0.2430928349494934,0.9072265625,0
rcod-updates-default,2,2700,0.2434665411710739,0.90576171875,0
rcod-updates-default,2,2720,0.24360273778438568,0.90673828125,0
rcod-updates-default,2,2740,0.2434799075126648,0.9072265625,0
rcod-updates-default,2,2760,0.24359829723834991,0.90673828125,0
rcod-updates-default,2,2780,0.24363093078136444,0.90625,0
rcod-updates-default,2,2800,0.24305711686611176,0.9052734375,0
rcod-updates-default,2,2820,0.243148535490036,0.9052734375,0
rcod-updates-default,2,2840,0.2433369904756546,0.90673828125,0
rcod-updates-default,2,2860,0.24331170320510864,0.90576171875,0
rcod-updates-default,2,2880,0.24355274438858032,0.9072265625,0
rcod-updates-default,2,2900,0.24349673092365265,0.90771484375,0
rcod-updates-default,2,2920,0.24451248347759247,0.904296875,0
rcod-updates-default,2,2940,0.23983390629291534,0.9072265625,0
rcod-updates-default,2,2960,0.23870162665843964,0.908203125,0
rcod-updates-default,2,2980,0.2550934851169586,0.8974609375,0
rcod-updates-default,2,2999,0.2351864129304886,0.908203125,0
rcod-updates-calibrated,0,0,1.3690290451049805,0.3525390625,0
rcod-updates-calibrated,0,20,1.1013449430465698,0.4638671875,0
rcod-updates-calibrated,0,40,0.7197524309158325,0.751953125,0
rcod-updates-calibrated,0,60,0.4326358437538147,0.85888671875,0
rcod-updates-calibrated,0,80,0.3083253502845764,0.8916015625,0
rcod-updates-calibrated,0,100,0.26138579845428467,0.90576171875,0
rcod-updates-calibrated,0,120,0.2361251413822174,0.9111328125,0
rcod-updates-calibrated,0,140,0.2237815111875534,0.91357421875,0
rcod-updates-calibrated,0,160,0.2218831181526184,0.91162109375,0
rcod-updates-calibrated,0,180,0.21863172948360443,0.9111328125,0
rcod-updates-calibrated,0,200,0.2191421389579773,0.91455078125,0
rcod-updates-calibrated,0,220,0.21026036143302917,0.91845703125,0
rcod-updates-calibrated,0,240,0.20754587650299072,0.91796875,0
rcod-updates-calibrated,0,260,0.21115344762802124,0.9169921875,0
rcod-updates-calibrated,0,280,0.21629822254180908,0.9091796875,0
rcod-updates-calibrated,0,300,0.20515233278274536,0.923828125,0
rcod-updates-calibrated,0,320,0.21210262179374695,0.916015625,0
rcod-updates-calibrated,0,340,0.20740997791290283,0.91845703125,0
rcod-updates-calibrated,0,360,0.21580074727535248,0.9169921875,0
rcod-updates-calibrated,0,380,0.21542476117610931,0.916015625,0
rcod-updates-calibrated,0,400,0.21177172660827637,0.9189453125,0
rcod-updates-calibrated,0,420,0.21633432805538177,0.91796875,0
rcod-updates-calibrated,0,440,0.21076442301273346,0.92138671875,0
rcod-updates-calibrated,0,460,0.21994085609912872,0.92138671875,0
rcod-updates-calibrated,0,480,0.22597067058086395,0.91845703125,0
rcod-updates-calibrated,0,500,0.22767701745033264,0.91259765625,0
rcod-updates-calibrated,0,520,0.22647245228290558,0.9130859375,0
rcod-updates-calibrated,0,540,0.2241826355457306,0.9140625,0
rcod-updates-calibrated,0,560,0.2326868772506714,0.91357421875,0
rcod-updates-calibrated,0,580,0.23949073255062103,0.91162109375,0
rcod-updates-calibrated,0,600,0.23468336462974548,0.91650390625,0
rcod-updates-calibrated,0,620,0.22727404534816742,0.91748046875,0
rcod-updates-calibrated,0,640,0.2365444302558899,0.9140625,0
rcod-updates-calibrated,0,660,0.24558863043785095,0.9111328125,0
rcod-updates-calibrated,0,680,0.24083037674427032,0.90966796875,0
rcod-updates-calibrated,0,700,0.24447143077850342,0.91259765625,0
rcod-updates-calibrated,0,720,0.2479950487613678,0.91259765625,0
rcod-updates-calibrated,0,740,0.2553221583366394,0.90576171875,0
rcod-updates-calibrated,0,760,0.25400593876838684,0.91357421875,0
rcod-updates-calibrated,0,780,0.25841230154037476,0.91015625,0
rcod-updates-calibrated,0,800,0.2654763460159302,0.90478515625,0
rcod-updates-calibrated,0,820,0.25788643956184387,0.90576171875,0
rcod-updates-calibrated,0,840,0.25373658537864685,0.9130859375,0
rcod-updates-calibrated,0,860,0.2678750157356262,0.91015625,0
rcod-updates-calibrated,0,880,0.27020180225372314,0.90283203125,0
rcod-updates-calibrated,0,900,0.2723939120769501,0.90625,0
rcod-updates-calibrated,0,920,0.26481306552886963,0.908203125,0
rcod-updates-calibrated,0,940,0.2709251046180725,0.90869140625,0
rcod-updates-calibrated,0,960,0.29499515891075134,0.904296875,0
rcod-updates-calibrated,0,980,0.2801608443260193,0.908203125,0
rcod-updates-calibrated,0,1000,0.2820896506309509,0.91357421875,0
rcod-updates-calibrated,0,1020,0.28539830446243286,0.9091796875,0
rcod-updates-calibrated,0,1040,0.28694841265678406,0.912109375,0
rcod-updates-calibrated,0,1060,0.29804593324661255,0.90869140625,0
rcod-updates-calibrated,0,1080,0.2932566702365875,0.90673828125,0
rcod-updates-calibrated,0,1100,0.29600685834884644,0.90625,0
rcod-updates-calibrated,0,1120,0.29797324538230896,0.90869140625,0
rcod-updates-calibrated,0,1140,0.30236175656318665,0.9091796875,0
rcod-updates-calibrated,0,1160,0.30539023876190186,0.9111328125,0
rcod-updates-calibrated,0,1180,0.32013630867004395,0.904296875,0
rcod-updates-calibrated,0,1200,0.30851346254348755,0.90478515625,1
rcod-updates-calibrated,0,1220,0.6259108185768127,0.8173828125,1
rcod-updates-calibrated,0,1240,1.2456653118133545,0.50439453125,1
rcod-updates-calibrated,0,1260,1.2143081426620483,0.51904296875,1
rcod-updates-calibrated,0,1280,1.1592293977737427,0.6455078125,1
rcod-updates-calibrated,0,1300,1.0968623161315918,0.74365234375,1
rcod-updates-calibrated,0,1320,1.0334844589233398,0.75146484375,1
rcod-updates-calibrated,0,1340,0.9959401488304138,0.77783203125,1
rcod-updates-calibrated,0,1360,0.9898854494094849,0.8125,1
rcod-updates-calibrated,0,1380,0.9844822883605957,0.8232421875,1
rcod-updates-calibrated,0,1400,0.9568288326263428,0.8232421875,1
rcod-updates-calibrated,0,1420,0.9481468200683594,0.82958984375,1
rcod-updates-calibrated,0,1440,0.9700928330421448,0.82861328125,1
rcod-updates-calibrated,0,1460,0.9391523003578186,0.81298828125,1
rcod-updates-calibrated,0,1480,0.9373539090156555,0.82177734375,1
rcod-updates-calibrated,0,1500,0.9635287523269653,0.84033203125,1
rcod-updates-calibrated,0,1520,0.9393081665039062,0.8271484375,1
rcod-updates-calibrated,0,1540,0.9444081783294678,0.8359375,1
rcod-updates-calibrated,0,1560,0.9352290630340576,0.8427734375,1
rcod-updates-calibrated,0,1580,0.9185824394226074,0.84228515625,1
rcod-updates-calibrated,0,1600,0.9410715103149414,0.84814453125,1
rcod-updates-calibrated,0,1620,0.9171175956726074,0.84814453125,1
rcod-updates-calibrated,0,1640,0.9259788990020752,0.85302734375,1
rcod-updates-calibrated,0,1660,0.9309186935424805,0.84765625,1
rcod-updates-calibrated,0,1680,0.9338226914405823,0.85791015625,1
rcod-updates-calibrated,0,1700,0.9200069904327393,0.85693359375,0
rcod-updates-calibrated,0,1720,0.8078340888023376,0.8134765625,0
rcod-updates-calibrated,0,1740,0.5147702097892761,0.85107421875,0
rcod-updates-calibrated,0,1760,0.3780215382575989,0.88037109375,0
rcod-updates-calibrated,0,1780,0.31160804629325867,0.8955078125,0
rcod-updates-calibrated,0,1800,0.2764970064163208,0.90478515625,0
rcod-updates-calibrated,0,1820,0.2533160150051117,0.90380859375,0
rcod-updates-calibrated,0,1840,0.24009403586387634,0.90869140625,0
rcod-updates-calibrated,0,1860,0.23334071040153503,0.9033203125,0
rcod-updates-calibrated,0,1880,0.22459404170513153,0.9140625,0
rcod-updates-calibrated,0,1900,0.2224927544593811,0.9091796875,0
rcod-updates-calibrated,0,1920,0.21854637563228607,0.90966796875,0
rcod-updates-calibrated,0,1940,0.21701031923294067,0.91455078125,0
rcod-updates-calibrated,0,1960,0.21737854182720184,0.90869140625,0
rcod-updates-calibrated,0,1980,0.21547062695026398,0.912109375,0
rcod-updates-calibrated,0,2000,0.21643705666065216,0.9111328125,0
rcod-updates-calibrated,0,2020,0.22181521356105804,0.908203125,0
rcod-updates-calibrated,0,2040,0.2161354422569275,0.912109375,0
rcod-updates-calibrated,0,2060,0.21743477880954742,0.9111328125,0
rcod-updates-calibrated,0,2080,0.220653235912323,0.91015625,0
rcod-updates-calibrated,0,2100,0.21682673692703247,0.91650390625,0
rcod-updates-calibrated,0,2120,0.21980693936347961,0.90966796875,0
rcod-updates-calibrated,0,2140,0.21892106533050537,0.91015625,0
rcod-updates-calibrated,0,2160,0.21926578879356384,0.91162109375,0
rcod-updates-calibrated,0,2180,0.22365979850292206,0.90673828125,0
rcod-updates-calibrated,0,2200,0.22643598914146423,0.91162109375,0
rcod-updates-calibrated,0,2220,0.2286311686038971,0.90771484375,0
rcod-updates-calibrated,0,2240,0.23171713948249817,0.90673828125,0
rcod-updates-calibrated,0,2260,0.2341490089893341,0.90576171875,0
rcod-updates-calibrated,0,2280,0.2311864048242569,0.90576171875,0
rcod-updates-calibrated,0,2300,0.2318846583366394,0.90625,0
rcod-updates-calibrated,0,2320,0.23450089991092682,0.90576171875,0
rcod-updates-calibrated,0,2340,0.2376554012298584,0.9072265625,0
rcod-updates-calibrated,0,2360,0.23943181335926056,0.9072265625,0
rcod-updates-calibrated,0,2380,0.24219360947608948,0.90869140625,0
rcod-updates-calibrated,0,2400,0.23883025348186493,0.9072265625,0
rcod-updates-calibrated,0,2420,0.24394600093364716,0.9052734375,0
rcod-updates-calibrated,0,2440,0.2496407926082611,0.9072265625,0
rcod-updates-calibrated,0,2460,0.24655045568943024,0.91015625,0
rcod-updates-calibrated,0,2480,0.25221362709999084,0.90380859375,0
rcod-updates-calibrated,0,2500,0.2506484389305115,0.90673828125,0
rcod-updates-calibrated,0,2520,0.2528402805328369,0.90673828125,0
rcod-updates-calibrated,0,2540,0.2529922127723694,0.91015625,0
rcod-updates-calibrated,0,2560,0.2564607560634613,0.91015625,0
rcod-updates-calibrated,0,2580,0.26462164521217346,0.908203125,0
rcod-updates-calibrated,0,2600,0.2572040855884552,0.9130859375,0
rcod-updates-calibrated,0,2620,0.2610318064689636,0.90576171875,0
rcod-updates-calibrated,0,2640,0.2700459361076355,0.90771484375,0
rcod-updates-calibrated,0,2660,0.26664841175079346,0.90771484375,0
rcod-updates-calibrated,0,2680,0.26685941219329834,0.90869140625,0
rcod-updates-calibrated,0,2700,0.2663056254386902,0.90966796875,0
rcod-updates-calibrated,0,2720,0.2694336175918579,0.90625,0
rcod-updates-calibrated,0,2740,0.2703882157802582,0.90771484375,0
rcod-updates-calibrated,0,2760,0.2752174139022827,0.90576171875,0
rcod-updates-calibrated,0,2780,0.28292596340179443,0.90576171875,0
rcod-updates-calibrated,0,2800,0.27763041853904724,0.90478515625,0
rcod-updates-calibrated,0,2820,0.2795286774635315,0.9091796875,0
rcod-updates-calibrated,0,2840,0.2824346125125885,0.91064453125,0
rcod-updates-calibrated,0,2860,0.28450140357017517,0.90771484375,0
rcod-updates-calibrated,0,2880,0.2888554334640503,0.9052734375,0
rcod-updates-calibrated,0,2900,0.2957319915294647,0.90576171875,0
rcod-updates-calibrated,0,2920,0.29732823371887207,0.9013671875,0
rcod-updates-calibrated,0,2940,0.29336103796958923,0.90625,0
rcod-updates-calibrated,0,2960,0.2939867079257965,0.91015625,0
rcod-updates-calibrated,0,2980,0.29834362864494324,0.90625,0
rcod-updates-calibrated,0,2999,0.29712122678756714,0.90869140625,0
rcod-updates-calibrated,1,0,1.3701481819152832,0.29931640625,0
rcod-updates-calibrated,1,20,1.0654141902923584,0.63037109375,0
rcod-updates-calibrated,1,40,0.657749593257904,0.78759765625,0
rcod-updates-calibrated,1,60,0.41170811653137207,0.85205078125,0
rcod-updates-calibrated,1,80,0.3046523928642273,0.890625,0
rcod-updates-calibrated,1,100,0.2648538053035736,0.892578125,0
rcod-updates-calibrated,1,120,0.2427959144115448,0.90673828125,0
rcod-updates-calibrated,1,140,0.22810691595077515,0.9130859375,0
rcod-updates-calibrated,1,160,0.22347702085971832,0.9140625,0
rcod-updates-calibrated,1,180,0.22902587056159973,0.90771484375,0
rcod-updates-calibrated,1,200,0.22214867174625397,0.908203125,0
rcod-updates-calibrated,1,220,0.2159077376127243,0.921875,0
rcod-updates-calibrated,1,240,0.2195471227169037,0.91162109375,0
rcod-updates-calibrated,1,260,0.2189570963382721,0.91650390625,0
rcod-updates-calibrated,1,280,0.2145998626947403,0.919921875,0
rcod-updates-calibrated,1,300,0.2144497185945511,0.919921875,0
rcod-updates-calibrated,1,320,0.22093060612678528,0.91650390625,0
rcod-updates-calibrated,1,340,0.22185394167900085,0.91748046875,0
rcod-updates-calibrated,1,360,0.22034591436386108,0.9169921875,0
rcod-updates-calibrated,1,380,0.22113145887851715,0.9189453125,0
rcod-updates-calibrated,1,400,0.22811239957809448,0.92236328125,0
rcod-updates-calibrated,1,420,0.22288654744625092,0.916015625,0
rcod-updates-calibrated,1,440,0.22455459833145142,0.91650390625,0
rcod-updates-calibrated,1,460,0.22664451599121094,0.91455078125,0
rcod-updates-calibrated,1,480,0.23016373813152313,0.91552734375,0
rcod-updates-calibrated,1,500,0.23213492333889008,0.91552734375,0
rcod-updates-calibrated,1,520,0.23141567409038544,0.916015625,0
rcod-updates-calibrated,1,540,0.23913753032684326,0.9140625,0
rcod-updates-calibrated,1,560,0.23983779549598694,0.91455078125,0
rcod-updates-calibrated,1,580,0.23962637782096863,0.91796875,0
rcod-updates-calibrated,1,600,0.24893641471862793,0.91162109375,0
rcod-updates-calibrated,1,620,0.25897160172462463,0.91162109375,0
rcod-updates-calibrated,1,640,0.25132498145103455,0.90966796875,0
rcod-updates-calibrated,1,660,0.25296854972839355,0.9111328125,0
rcod-updates-calibrated,1,680,0.2531026601791382,0.9130859375,0
rcod-updates-calibrated,1,700,0.2533935308456421,0.91357421875,0
rcod-updates-calibrated,1,720,0.25747257471084595,0.908203125,0
rcod-updates-calibrated,1,740,0.27196988463401794,0.91259765625,0
rcod-updates-calibrated,1,760,0.27282071113586426,0.91162109375,0
rcod-updates-calibrated,1,780,0.2701704800128937,0.91259765625,0
rcod-updates-calibrated,1,800,0.2718193531036377,0.91357421875,0
rcod-updates-calibrated,1,820,0.27094653248786926,0.9140625,0
rcod-updates-calibrated,1,840,0.27400100231170654,0.91064453125,0
rcod-updates-calibrated,1,860,0.28715547919273376,0.912109375,0
rcod-updates-calibrated,1,880,0.28253212571144104,0.91064453125,0
rcod-updates-calibrated,1,900,0.2811107039451599,0.91552734375,0
rcod-updates-calibrated,1,920,0.28940391540527344,0.91552734375,0
rcod-updates-calibrated,1,940,0.2922549843788147,0.91259765625,0
rcod-updates-calibrated,1,960,0.2986585199832916,0.912109375,0
rcod-updates-calibrated,1,980,0.28976818919181824,0.90966796875,0
rcod-updates-calibrated,1,1000,0.2929195761680603,0.91259765625,0
rcod-updates-calibrated,1,1020,0.31127026677131653,0.9111328125,0
rcod-updates-calibrated,1,1040,0.3034839332103729,0.91064453125,0
rcod-updates-calibrated,1,1060,0.31326356530189514,0.91259765625,0
rcod-updates-calibrated,1,1080,0.3167915344238281,0.91357421875,0
rcod-updates-calibrated,1,1100,0.32152748107910156,0.9130859375,0
rcod-updates-calibrated,1,1120,0.32777369022369385,0.912109375,0
rcod-updates-calibrated,1,1140,0.33434927463531494,0.91162109375,0
rcod-updates-calibrated,1,1160,0.33052709698677063,0.9150390625,0
rcod-updates-calibrated,1,1180,0.33751147985458374,0.9111328125,0
rcod-updates-calibrated,1,1200,0.33146074414253235,0.91015625,1
rcod-updates-calibrated,1,1220,0.589108943939209,0.84130859375,1
rcod-updates-calibrated,1,1240,1.202843427658081,0.5478515625,1
rcod-updates-calibrated,1,1260,1.24176025390625,0.6083984375,1
rcod-updates-calibrated,1,1280,1.1993283033370972,0.70361328125,1
rcod-updates-calibrated,1,1300,1.097848892211914,0.73486328125,1
rcod-updates-calibrated,1,1320,1.0674525499343872,0.7880859375,1
rcod-updates-calibrated,1,1340,1.0417115688323975,0.79736328125,1
rcod-updates-calibrated,1,1360,1.0006951093673706,0.796875,1
rcod-updates-calibrated,1,1380,1.0002961158752441,0.8310546875,1
rcod-updates-calibrated,1,1400,0.9744774699211121,0.82568359375,1
rcod-updates-calibrated,1,1420,0.9774520397186279,0.8271484375,1
rcod-updates-calibrated,1,1440,0.9701488018035889,0.826171875,1
rcod-updates-calibrated,1,1460,0.9597447514533997,0.8388671875,1
rcod-updates-calibrated,1,1480,0.9575026035308838,0.84326171875,1
rcod-updates-calibrated,1,1500,0.9361802935600281,0.83203125,1
rcod-updates-calibrated,1,1520,0.9640049934387207,0.84716796875,1
rcod-updates-calibrated,1,1540,0.966719388961792,0.84521484375,1
rcod-updates-calibrated,1,1560,0.9514414072036743,0.84716796875,1
rcod-updates-calibrated,1,1580,0.9443916082382202,0.8388671875,1
rcod-updates-calibrated,1,1600,0.9433781504631042,0.84765625,1
rcod-updates-calibrated,1,1620,0.9400339126586914,0.85498046875,1
rcod-updates-calibrated,1,1640,0.9344596862792969,0.8486328125,1
rcod-updates-calibrated,1,1660,0.9348688721656799,0.859375,1
rcod-updates-calibrated,1,1680,0.9278659224510193,0.85205078125,1
rcod-updates-calibrated,1,1700,0.9409637451171875,0.85546875,0
rcod-updates-calibrated,1,1720,0.7606161236763,0.81494140625,0
rcod-updates-calibrated,1,1740,0.48230987787246704,0.8740234375,0
rcod-updates-calibrated,1,1760,0.3501548767089844,0.8984375,0
rcod-updates-calibrated,1,1780,0.28893715143203735,0.90087890625,0
rcod-updates-calibrated,1,1800,0.2553788423538208,0.91064453125,0
rcod-updates-calibrated,1,1820,0.23652951419353485,0.9130859375,0
rcod-updates-calibrated,1,1840,0.2279982566833496,0.91015625,0
rcod-updates-calibrated,1,1860,0.21774420142173767,0.9189453125,0
rcod-updates-calibrated,1,1880,0.21358464658260345,0.9169921875,0
rcod-updates-calibrated,1,1900,0.2117789089679718,0.91748046875,0
rcod-updates-calibrated,1,1920,0.2142964005470276,0.919921875,0
rcod-updates-calibrated,1,1940,0.2120538055896759,0.92041015625,0
rcod-updates-calibrated,1,1960,0.2080020159482956,0.9228515625,0
rcod-updates-calibrated,1,1980,0.2080930471420288,0.92041015625,0
rcod-updates-calibrated,1,2000,0.21176037192344666,0.919921875,0
rcod-updates-calibrated,1,2020,0.21182489395141602,0.91943359375,0
rcod-updates-calibrated,1,2040,0.2083451747894287,0.91845703125,0
rcod-updates-calibrated,1,2060,0.21528717875480652,0.9208984375,0
rcod-updates-calibrated,1,2080,0.21664978563785553,0.9189453125,0
rcod-updates-calibrated,1,2100,0.21980100870132446,0.91796875,0
rcod-updates-calibrated,1,2120,0.21776427328586578,0.9189453125,0
rcod-updates-calibrated,1,2140,0.22343313694000244,0.91650390625,0
rcod-updates-calibrated,1,2160,0.2210930585861206,0.92041015625,0
rcod-updates-calibrated,1,2180,0.22256720066070557,0.919921875,0
rcod-updates-calibrated,1,2200,0.2263929843902588,0.916015625,0
rcod-updates-calibrated,1,2220,0.22737230360507965,0.91796875,0
rcod-updates-calibrated,1,2240,0.232151597738266,0.91748046875,0
rcod-updates-calibrated,1,2260,0.23791542649269104,0.91015625,0
rcod-updates-calibrated,1,2280,0.23289184272289276,0.91796875,0
rcod-updates-calibrated,1,2300,0.235404834151268,0.91650390625,0
rcod-updates-calibrated,1,2320,0.24091044068336487,0.916015625,0
rcod-updates-calibrated,1,2340,0.2425437569618225,0.91552734375,0
rcod-updates-calibrated,1,2360,0.24082902073860168,0.91552734375,0
rcod-updates-calibrated,1,2380,0.24491339921951294,0.91650390625,0
rcod-updates-calibrated,1,2400,0.25295504927635193,0.916015625,0
rcod-updates-calibrated,1,2420,0.2554771304130554,0.91796875,0
rcod-updates-calibrated,1,2440,0.25464996695518494,0.916015625,0
rcod-updates-calibrated,1,2460,0.25289174914360046,0.91796875,0
rcod-updates-calibrated,1,2480,0.2521716058254242,0.91796875,0
rcod-updates-calibrated,1,2500,0.2631200850009918,0.91552734375,0
rcod-updates-calibrated,1,2520,0.26229599118232727,0.9150390625,0
rcod-updates-calibrated,1,2540,0.26332008838653564,0.9140625,0
rcod-updates-calibrated,1,2560,0.26983940601348877,0.916015625,0
rcod-updates-calibrated,1,2580,0.27217793464660645,0.916015625,0
rcod-updates-calibrated,1,2600,0.2645237147808075,0.91552734375,0
rcod-updates-calibrated,1,2620,0.2689656913280487,0.9150390625,0
rcod-updates-calibrated,1,2640,0.271318256855011,0.91845703125,0
rcod-updates-calibrated,1,2660,0.27566492557525635,0.9150390625,0
rcod-updates-calibrated,1,2680,0.2803792953491211,0.9169921875,0
rcod-updates-calibrated,1,2700,0.2802062928676605,0.91796875,0
rcod-updates-calibrated,1,2720,0.2891782522201538,0.91357421875,0
rcod-updates-calibrated,1,2740,0.28186821937561035,0.91943359375,0
rcod-updates-calibrated,1,2760,0.2867157459259033,0.91748046875,0
rcod-updates-calibrated,1,2780,0.29424840211868286,0.9169921875,0
rcod-updates-calibrated,1,2800,0.29659467935562134,0.91455078125,0
rcod-updates-calibrated,1,2820,0.2921706438064575,0.9189453125,0
rcod-updates-calibrated,1,2840,0.2977902889251709,0.91552734375,0
rcod-updates-calibrated,1,2860,0.3019351661205292,0.91748046875,0
rcod-updates-calibrated,1,2880,0.3001774251461029,0.916015625,0
rcod-updates-calibrated,1,2900,0.30185240507125854,0.91552734375,0
rcod-updates-calibrated,1,2920,0.3026748299598694,0.91357421875,0
rcod-updates-calibrated,1,2940,0.311955988407135,0.9150390625,0
rcod-updates-calibrated,1,2960,0.306711345911026,0.91259765625,0
rcod-updates-calibrated,1,2980,0.3157956600189209,0.91357421875,0
rcod-updates-calibrated,1,2999,0.31211647391319275,0.916015625,0
rcod-updates-calibrated,2,0,1.3329399824142456,0.4052734375,0
rcod-updates-calibrated,2,20,0.9608621001243591,0.6103515625,0
rcod-updates-calibrated,2,40,0.5843736529350281,0.83349609375,0
rcod-updates-calibrated,2,60,0.37166720628738403,0.875,0
rcod-updates-calibrated,2,80,0.3035675883293152,0.88671875,0
rcod-updates-calibrated,2,100,0.27465930581092834,0.89306640625,0
rcod-updates-calibrated,2,120,0.26427844166755676,0.89111328125,0
rcod-updates-calibrated,2,140,0.25105562806129456,0.89892578125,0
rcod-updates-calibrated,2,160,0.25214678049087524,0.896484375,0
rcod-updates-calibrated,2,180,0.2424122542142868,0.90478515625,0
rcod-updates-calibrated,2,200,0.22616969048976898,0.91259765625,0
rcod-updates-calibrated,2,220,0.22213532030582428,0.91455078125,0
rcod-updates-calibrated,2,240,0.2276417762041092,0.9052734375,0
rcod-updates-calibrated,2,260,0.2225247621536255,0.90869140625,0
rcod-updates-calibrated,2,280,0.2164987325668335,0.91357421875,0
rcod-updates-calibrated,2,300,0.21329015493392944,0.91357421875,0
rcod-updates-calibrated,2,320,0.2165990173816681,0.912109375,0
rcod-updates-calibrated,2,340,0.22210396826267242,0.90869140625,0
rcod-updates-calibrated,2,360,0.22171106934547424,0.91064453125,0
rcod-updates-calibrated,2,380,0.22139614820480347,0.91552734375,0
rcod-updates-calibrated,2,400,0.21528826653957367,0.9140625,0
rcod-updates-calibrated,2,420,0.22086992859840393,0.919921875,0
rcod-updates-calibrated,2,440,0.22834764420986176,0.91064453125,0
rcod-updates-calibrated,2,460,0.22515086829662323,0.9072265625,0
rcod-updates-calibrated,2,480,0.22827443480491638,0.9130859375,0
rcod-updates-calibrated,2,500,0.23130813241004944,0.91064453125,0
rcod-updates-calibrated,2,520,0.22867733240127563,0.9130859375,0
rcod-updates-calibrated,2,540,0.23597176373004913,0.91162109375,0
rcod-updates-calibrated,2,560,0.2327570617198944,0.912109375,0
rcod-updates-calibrated,2,580,0.24160230159759521,0.91064453125,0
rcod-updates-calibrated,2,600,0.2527437210083008,0.90771484375,0
rcod-updates-calibrated,2,620,0.24639980494976044,0.91259765625,0
rcod-updates-calibrated,2,640,0.24512061476707458,0.91064453125,0
rcod-updates-calibrated,2,660,0.24525247514247894,0.9140625,0
rcod-updates-calibrated,2,680,0.2504769563674927,0.91552734375,0
rcod-updates-calibrated,2,700,0.25978225469589233,0.90478515625,0
rcod-updates-calibrated,2,720,0.25176045298576355,0.912109375,0
rcod-updates-calibrated,2,740,0.25445717573165894,0.9150390625,0
rcod-updates-calibrated,2,760,0.27052611112594604,0.90869140625,0
rcod-updates-calibrated,2,780,0.26946520805358887,0.9140625,0
rcod-updates-calibrated,2,800,0.2766770124435425,0.91259765625,0
rcod-updates-calibrated,2,820,0.27936047315597534,0.9091796875,0
rcod-updates-calibrated,2,840,0.2800995409488678,0.90966796875,0
rcod-updates-calibrated,2,860,0.28792330622673035,0.91259765625,0
rcod-updates-calibrated,2,880,0.28622639179229736,0.916015625,0
rcod-updates-calibrated,2,900,0.2912994623184204,0.91455078125,0
rcod-updates-calibrated,2,920,0.3002968430519104,0.90966796875,0
rcod-updates-calibrated,2,940,0.3063957095146179,0.91064453125,0
rcod-updates-calibrated,2,960,0.29754021763801575,0.91357421875,0
rcod-updates-calibrated,2,980,0.3120710849761963,0.908203125,0
rcod-updates-calibrated,2,1000,0.31891846656799316,0.90625,0
rcod-updates-calibrated,2,1020,0.31107059121131897,0.912109375,0
rcod-updates-calibrated,2,1040,0.3156993091106415,0.91357421875,0
rcod-updates-calibrated,2,1060,0.31932076811790466,0.91162109375,0
rcod-updates-calibrated,2,1080,0.32363152503967285,0.91162109375,0
rcod-updates-calibrated,2,1100,0.32709231972694397,0.91162109375,0
rcod-updates-calibrated,2,1120,0.3379775285720825,0.9091796875,0
rcod-updates-calibrated,2,1140,0.3391035497188568,0.9091796875,0
rcod-updates-calibrated,2,1160,0.3328956067562103,0.91259765625,0
rcod-updates-calibrated,2,1180,0.3447553217411041,0.908203125,0
rcod-updates-calibrated,2,1200,0.34445178508758545,0.90869140625,1
rcod-updates-calibrated,2,1220,0.9058883190155029,0.77294921875,1
rcod-updates-calibrated,2,1240,1.0939861536026,0.6005859375,1
rcod-updates-calibrated,2,1260,1.1938364505767822,0.6103515625,1
rcod-updates-calibrated,2,1280,1.1410481929779053,0.71630859375,1
rcod-updates-calibrated,2,1300,1.0705729722976685,0.72998046875,1
rcod-updates-calibrated,2,1320,1.0201462507247925,0.78125,1
rcod-updates-calibrated,2,1340,0.9616303443908691,0.81982421875,1
rcod-updates-calibrated,2,1360,0.9821991324424744,0.8271484375,1
rcod-updates-calibrated,2,1380,0.9509873986244202,0.84765625,1
rcod-updates-calibrated,2,1400,0.9672325849533081,0.83984375,1
rcod-updates-calibrated,2,1420,0.9356651902198792,0.84326171875,1
rcod-updates-calibrated,2,1440,0.9487635493278503,0.85302734375,1
rcod-updates-calibrated,2,1460,0.9458829164505005,0.86083984375,1
rcod-updates-calibrated,2,1480,0.9392575025558472,0.8662109375,1
rcod-updates-calibrated,2,1500,0.930553138256073,0.84423828125,1
rcod-updates-calibrated,2,1520,0.9265113472938538,0.86376953125,1
rcod-updates-calibrated,2,1540,0.933359682559967,0.8642578125,1
rcod-updates-calibrated,2,1560,0.9206535220146179,0.86328125,1
rcod-updates-calibrated,2,1580,0.9275792837142944,0.8583984375,1
rcod-updates-calibrated,2,1600,0.9225594997406006,0.87548828125,1
rcod-updates-calibrated,2,1620,0.9178826808929443,0.86474609375,1
rcod-updates-calibrated,2,1640,0.9111607074737549,0.86767578125,1
rcod-updates-calibrated,2,1660,0.9295843243598938,0.86376953125,1
rcod-updates-calibrated,2,1680,0.9221518635749817,0.86962890625,1
rcod-updates-calibrated,2,1700,0.8952024579048157,0.865234375,0
rcod-updates-calibrated,2,1720,0.7850926518440247,0.86474609375,0
rcod-updates-calibrated,2,1740,0.4573636054992676,0.8837890625,0
rcod-updates-calibrated,2,1760,0.34348851442337036,0.89306640625,0
rcod-updates-calibrated,2,1780,0.30049929022789,0.8955078125,0
rcod-updates-calibrated,2,1800,0.2774159014225006,0.89990234375,0
rcod-updates-calibrated,2,1820,0.2628268897533417,0.90234375,0
rcod-updates-calibrated,2,1840,0.25438544154167175,0.90234375,0
rcod-updates-calibrated,2,1860,0.24868416786193848,0.90869140625,0
rcod-updates-calibrated,2,1880,0.2421787977218628,0.91015625,0
rcod-updates-calibrated,2,1900,0.24100357294082642,0.90869140625,0
rcod-updates-calibrated,2,1920,0.24181899428367615,0.90478515625,0
rcod-updates-calibrated,2,1940,0.2358742356300354,0.9091796875,0
rcod-updates-calibrated,2,1960,0.23092685639858246,0.91259765625,0
rcod-updates-calibrated,2,1980,0.23298704624176025,0.91357421875,0
rcod-updates-calibrated,2,2000,0.2305067628622055,0.91455078125,0
rcod-updates-calibrated,2,2020,0.22969919443130493,0.91455078125,0
rcod-updates-calibrated,2,2040,0.22668267786502838,0.91748046875,0
rcod-updates-calibrated,2,2060,0.2330062985420227,0.912109375,0
rcod-updates-calibrated,2,2080,0.23492170870304108,0.9150390625,0
rcod-updates-calibrated,2,2100,0.23130561411380768,0.9140625,0
rcod-updates-calibrated,2,2120,0.23710553348064423,0.91259765625,0
rcod-updates-calibrated,2,2140,0.23326054215431213,0.9111328125,0
rcod-updates-calibrated,2,2160,0.23628681898117065,0.91455078125,0
rcod-updates-calibrated,2,2180,0.24130696058273315,0.91162109375,0
rcod-updates-calibrated,2,2200,0.23504184186458588,0.91357421875,0
rcod-updates-calibrated,2,2220,0.24031178653240204,0.9140625,0
rcod-updates-calibrated,2,2240,0.24302507936954498,0.91162109375,0
rcod-updates-calibrated,2,2260,0.24348081648349762,0.91015625,0
rcod-updates-calibrated,2,2280,0.25109681487083435,0.9072265625,0
rcod-updates-calibrated,2,2300,0.25092411041259766,0.91064453125,0
rcod-updates-calibrated,2,2320,0.2519771456718445,0.90966796875,0
rcod-updates-calibrated,2,2340,0.259665846824646,0.91015625,0
rcod-updates-calibrated,2,2360,0.2596544027328491,0.90966796875,0
rcod-updates-calibrated,2,2380,0.25773003697395325,0.91162109375,0
rcod-updates-calibrated,2,2400,0.259755939245224,0.90966796875,0
rcod-updates-calibrated,2,2420,0.2643020749092102,0.9111328125,0
rcod-updates-calibrated,2,2440,0.2620704174041748,0.91162109375,0
rcod-updates-calibrated,2,2460,0.2684051990509033,0.91015625,0
rcod-updates-calibrated,2,2480,0.2700314521789551,0.912109375,0
rcod-updates-calibrated,2,2500,0.27127259969711304,0.90966796875,0
rcod-updates-calibrated,2,2520,0.27944448590278625,0.91162109375,0
rcod-updates-calibrated,2,2540,0.27811259031295776,0.91015625,0
rcod-updates-calibrated,2,2560,0.2778846025466919,0.912109375,0
rcod-updates-calibrated,2,2580,0.27648302912712097,0.90869140625,0
rcod-updates-calibrated,2,2600,0.27603086829185486,0.91064453125,0
rcod-updates-calibrated,2,2620,0.2848404347896576,0.91259765625,0
rcod-updates-calibrated,2,2640,0.2840334475040436,0.90771484375,0
rcod-updates-calibrated,2,2660,0.2888011634349823,0.90966796875,0
rcod-updates-calibrated,2,2680,0.2877482771873474,0.91015625,0
rcod-updates-calibrated,2,2700,0.28994497656822205,0.9111328125,0
rcod-updates-calibrated,2,2720,0.29994678497314453,0.90478515625,0
rcod-updates-calibrated,2,2740,0.2978423237800598,0.91015625,0
rcod-updates-calibrated,2,2760,0.29956310987472534,0.912109375,0
rcod-updates-calibrated,2,2780,0.30027347803115845,0.90771484375,0
rcod-updates-calibrated,2,2800,0.3028419017791748,0.91259765625,0
rcod-updates-calibrated,2,2820,0.30477917194366455,0.912109375,0
rcod-updates-calibrated,2,2840,0.3071734309196472,0.90966796875,0
rcod-updates-calibrated,2,2860,0.31343525648117065,0.9052734375,0
rcod-updates-calibrated,2,2880,0.315580815076828,0.90576171875,0
rcod-updates-calibrated,2,2900,0.3144586682319641,0.91064453125,0
rcod-updates-calibrated,2,2920,0.3217683732509613,0.904296875,0
rcod-updates-calibrated,2,2940,0.31029558181762695,0.90966796875,0
rcod-updates-calibrated,2,2960,0.3147117495536804,0.90869140625,0
rcod-updates-calibrated,2,2980,0.3216373026371002,0.9072265625,0
rcod-updates-calibrated,2,2999,0.322770893573761,0.9130859375,0
